buying_format,category,item_custom_info,item_url,thumbnail_url,title
auction,"{'cat1_name': 'Trucks', 'cat1_id': 'Trucks', 'cat2_name': '', 'cat2_id': '', 'cat3_name': '', 'cat3_id': ''}",{'desc': ''},https://www.truckscorner.com/auction/trucks-1/41240462/ford-f550-autres.html,//d22dk94hfc1k6q.cloudfront.net/none/220-160/337957/41240462/41240462_1617145580_540.jpg,Ford F550 Others
auction,"{'cat1_name': 'Trucks', 'cat1_id': 'Trucks', 'cat2_name': '', 'cat2_id': '', 'cat3_name': '', 'cat3_id': ''}",{'desc': ''},https://www.truckscorner.com/auction/trucks-1/41240460/international-terrastar-sfa-nc.html,//d22dk94hfc1k6q.cloudfront.net/none/220-160/337957/41240462/41240462_1617145580_540.jpg,International TERRASTAR SFA 
auction,"{'cat1_name': 'Trucks', 'cat1_id': 'Trucks', 'cat2_name': '', 'cat2_id': '', 'cat3_name': '', 'cat3_id': ''}",{'desc': ''},https://www.truckscorner.com/auction/trucks-1/41240453/international-terrastar-sfa-nc.html,//d22dk94hfc1k6q.cloudfront.net/none/220-160/337957/41240462/41240462_1617145580_540.jpg,International TERRASTAR SFA 
auction,"{'cat1_name': 'Trucks', 'cat1_id': 'Trucks', 'cat2_name': '', 'cat2_id': '', 'cat3_name': '', 'cat3_id': ''}",{'desc': ''},https://www.truckscorner.com/auction/trucks-1/41240431/chevrolet-c7500-nc.html,//d22dk94hfc1k6q.cloudfront.net/none/220-160/337957/41240462/41240462_1617145580_540.jpg,Chevrolet C7500 
auction,"{'cat1_name': 'Trucks', 'cat1_id': 'Trucks', 'cat2_name': '', 'cat2_id': '', 'cat3_name': '', 'cat3_id': ''}",{'desc': ''},https://www.truckscorner.com/auction/trucks-1/41240430/chevrolet-c7500-nc.html,//d22dk94hfc1k6q.cloudfront.net/none/220-160/337957/41240462/41240462_1617145580_540.jpg,Chevrolet C7500 
auction,"{'cat1_name': 'Trucks', 'cat1_id': 'Trucks', 'cat2_name': '', 'cat2_id': '', 'cat3_name': '', 'cat3_id': ''}",{'desc': ''},https://www.truckscorner.com/auction/trucks-1/41240398/ford-f350-nc.html,//d22dk94hfc1k6q.cloudfront.net/none/220-160/337957/41240462/41240462_1617145580_540.jpg,Ford F350 
auction,"{'cat1_name': 'Trucks', 'cat1_id': 'Trucks', 'cat2_name': '', 'cat2_id': '', 'cat3_name': '', 'cat3_id': ''}",{'desc': ''},https://www.truckscorner.com/auction/trucks-1/41240305/freightliner-fl70-nc.html,//d22dk94hfc1k6q.cloudfront.net/none/220-160/337957/41240462/41240462_1617145580_540.jpg,Freightliner FL70 
auction,"{'cat1_name': 'Trucks', 'cat1_id': 'Trucks', 'cat2_name': '', 'cat2_id': '', 'cat3_name': '', 'cat3_id': ''}",{'desc': ''},https://www.truckscorner.com/auction/trucks-1/41240302/ford-f650-nc.html,//d22dk94hfc1k6q.cloudfront.net/none/220-160/337957/41240462/41240462_1617145580_540.jpg,Ford F650 
auction,"{'cat1_name': 'Trucks', 'cat1_id': 'Trucks', 'cat2_name': '', 'cat2_id': '', 'cat3_name': '', 'cat3_id': ''}",{'desc': ''},https://www.truckscorner.com/auction/trucks-1/41240104/international-4700-autres.html,//d22dk94hfc1k6q.cloudfront.net/none/220-160/337957/41240462/41240462_1617145580_540.jpg,International 4700 Others
auction,"{'cat1_name': 'Trucks', 'cat1_id': 'Trucks', 'cat2_name': '', 'cat2_id': '', 'cat3_name': '', 'cat3_id': ''}",{'desc': ''},https://www.truckscorner.com/auction/trucks-1/41240103/chevrolet-c7500-nc.html,//d22dk94hfc1k6q.cloudfront.net/none/220-160/337957/41240462/41240462_1617145580_540.jpg,Chevrolet C7500 
auction,"{'cat1_name': 'Trucks', 'cat1_id': 'Trucks', 'cat2_name': '', 'cat2_id': '', 'cat3_name': '', 'cat3_id': ''}",{'desc': ''},https://www.truckscorner.com/auction/trucks-1/41240102/chevrolet-c7500-nc.html,//d22dk94hfc1k6q.cloudfront.net/none/220-160/337957/41240462/41240462_1617145580_540.jpg,Chevrolet C7500 
auction,"{'cat1_name': 'Trucks', 'cat1_id': 'Trucks', 'cat2_name': '', 'cat2_id': '', 'cat3_name': '', 'cat3_id': ''}",{'desc': ''},https://www.truckscorner.com/auction/trucks-1/41240100/ford-f750-autres.html,//d22dk94hfc1k6q.cloudfront.net/none/220-160/337957/41240462/41240462_1617145580_540.jpg,Ford F750 Others
auction,"{'cat1_name': 'Trucks', 'cat1_id': 'Trucks', 'cat2_name': '', 'cat2_id': '', 'cat3_name': '', 'cat3_id': ''}",{'desc': ''},https://www.truckscorner.com/auction/trucks-1/41240098/freightliner-m2106-nc.html,//d22dk94hfc1k6q.cloudfront.net/none/220-160/337957/41240462/41240462_1617145580_540.jpg,Freightliner M2106 
auction,"{'cat1_name': 'Trucks', 'cat1_id': 'Trucks', 'cat2_name': '', 'cat2_id': '', 'cat3_name': '', 'cat3_id': ''}",{'desc': ''},https://www.truckscorner.com/auction/trucks-1/41240092/chevrolet-c7500-autres.html,//d22dk94hfc1k6q.cloudfront.net/none/220-160/337957/41240462/41240462_1617145580_540.jpg,Chevrolet C7500 Others
auction,"{'cat1_name': 'Trucks', 'cat1_id': 'Trucks', 'cat2_name': '', 'cat2_id': '', 'cat3_name': '', 'cat3_id': ''}",{'desc': ''},https://www.truckscorner.com/auction/trucks-1/41239775/international-4300sba-nc.html,//d22dk94hfc1k6q.cloudfront.net/none/220-160/337957/41240462/41240462_1617145580_540.jpg,International 4300SBA 
auction,"{'cat1_name': 'Trucks', 'cat1_id': 'Trucks', 'cat2_name': '', 'cat2_id': '', 'cat3_name': '', 'cat3_id': ''}",{'desc': ''},https://www.truckscorner.com/auction/trucks-1/41239774/international-4300-nc.html,//d22dk94hfc1k6q.cloudfront.net/none/220-160/337957/41240462/41240462_1617145580_540.jpg,International 4300 
auction,"{'cat1_name': 'Trucks', 'cat1_id': 'Trucks', 'cat2_name': '', 'cat2_id': '', 'cat3_name': '', 'cat3_id': ''}",{'desc': ''},https://www.truckscorner.com/auction/trucks-1/41239773/international-4300-nc.html,//d22dk94hfc1k6q.cloudfront.net/none/220-160/337957/41240462/41240462_1617145580_540.jpg,International 4300 
auction,"{'cat1_name': 'Trucks', 'cat1_id': 'Trucks', 'cat2_name': '', 'cat2_id': '', 'cat3_name': '', 'cat3_id': ''}",{'desc': ''},https://www.truckscorner.com/auction/trucks-1/41239771/international-4300-nc.html,//d22dk94hfc1k6q.cloudfront.net/none/220-160/337957/41240462/41240462_1617145580_540.jpg,International 4300 
auction,"{'cat1_name': 'Trucks', 'cat1_id': 'Trucks', 'cat2_name': '', 'cat2_id': '', 'cat3_name': '', 'cat3_id': ''}",{'desc': ''},https://www.truckscorner.com/auction/trucks-1/41239693/ford-f650-nc.html,//d22dk94hfc1k6q.cloudfront.net/none/220-160/337957/41240462/41240462_1617145580_540.jpg,Ford F650 
auction,"{'cat1_name': 'Trucks', 'cat1_id': 'Trucks', 'cat2_name': '', 'cat2_id': '', 'cat3_name': '', 'cat3_id': ''}",{'desc': ''},https://www.truckscorner.com/auction/trucks-1/41239691/ford-f650-nc.html,//d22dk94hfc1k6q.cloudfront.net/none/220-160/337957/41240462/41240462_1617145580_540.jpg,Ford F650 
auction,"{'cat1_name': 'Trucks', 'cat1_id': 'Trucks', 'cat2_name': '', 'cat2_id': '', 'cat3_name': '', 'cat3_id': ''}",{'desc': ''},https://www.truckscorner.com/auction/trucks-1/41239529/mack-gu713-nc.html,//d22dk94hfc1k6q.cloudfront.net/none/220-160/337957/41240462/41240462_1617145580_540.jpg,Mack GU713 
auction,"{'cat1_name': 'Trucks', 'cat1_id': 'Trucks', 'cat2_name': '', 'cat2_id': '', 'cat3_name': '', 'cat3_id': ''}",{'desc': ''},https://www.truckscorner.com/auction/trucks-1/41239494/ford-f650-autres.html,//d22dk94hfc1k6q.cloudfront.net/none/220-160/337957/41240462/41240462_1617145580_540.jpg,Ford F650 Others
auction,"{'cat1_name': 'Trucks', 'cat1_id': 'Trucks', 'cat2_name': '', 'cat2_id': '', 'cat3_name': '', 'cat3_id': ''}",{'desc': ''},https://www.truckscorner.com/auction/trucks-1/41239403/freightliner-m2106-nc.html,//d22dk94hfc1k6q.cloudfront.net/none/220-160/337957/41240462/41240462_1617145580_540.jpg,Freightliner M2106 
auction,"{'cat1_name': 'Trucks', 'cat1_id': 'Trucks', 'cat2_name': '', 'cat2_id': '', 'cat3_name': '', 'cat3_id': ''}",{'desc': ''},https://www.truckscorner.com/auction/trucks-1/41239402/chevrolet-c7500-nc.html,//d22dk94hfc1k6q.cloudfront.net/none/220-160/337957/41240462/41240462_1617145580_540.jpg,Chevrolet C7500 
auction,"{'cat1_name': 'Trucks', 'cat1_id': 'Trucks', 'cat2_name': '', 'cat2_id': '', 'cat3_name': '', 'cat3_id': ''}",{'desc': ''},https://www.truckscorner.com/auction/trucks-1/41239386/ford-f700-nc.html,//d22dk94hfc1k6q.cloudfront.net/none/220-160/337957/41240462/41240462_1617145580_540.jpg,Ford F700 
auction,"{'cat1_name': 'Trucks', 'cat1_id': 'Trucks', 'cat2_name': '', 'cat2_id': '', 'cat3_name': '', 'cat3_id': ''}",{'desc': ''},https://www.truckscorner.com/auction/trucks-1/41239338/freightliner-century-nc.html,//d22dk94hfc1k6q.cloudfront.net/none/220-160/337957/41240462/41240462_1617145580_540.jpg,Freightliner CENTURY 
auction,"{'cat1_name': 'Trucks', 'cat1_id': 'Trucks', 'cat2_name': '', 'cat2_id': '', 'cat3_name': '', 'cat3_id': ''}",{'desc': ''},https://www.truckscorner.com/auction/trucks-1/41239337/kenworth-t600-nc.html,//d22dk94hfc1k6q.cloudfront.net/none/220-160/337957/41240462/41240462_1617145580_540.jpg,Kenworth T600 
auction,"{'cat1_name': 'Trucks', 'cat1_id': 'Trucks', 'cat2_name': '', 'cat2_id': '', 'cat3_name': '', 'cat3_id': ''}",{'desc': ''},https://www.truckscorner.com/auction/trucks-1/41239330/gmc-general-nc.html,//d22dk94hfc1k6q.cloudfront.net/none/220-160/337957/41240462/41240462_1617145580_540.jpg,GMC GENERAL 
auction,"{'cat1_name': 'Trucks', 'cat1_id': 'Trucks', 'cat2_name': '', 'cat2_id': '', 'cat3_name': '', 'cat3_id': ''}",{'desc': ''},https://www.truckscorner.com/auction/trucks-1/41239310/ford-f550-nc.html,//d22dk94hfc1k6q.cloudfront.net/none/220-160/337957/41240462/41240462_1617145580_540.jpg,Ford F550 
auction,"{'cat1_name': 'Trucks', 'cat1_id': 'Trucks', 'cat2_name': '', 'cat2_id': '', 'cat3_name': '', 'cat3_id': ''}",{'desc': ''},https://www.truckscorner.com/auction/trucks-1/41239232/peterbilt-378-nc.html,//d22dk94hfc1k6q.cloudfront.net/none/220-160/337957/41240462/41240462_1617145580_540.jpg,Peterbilt 378 
auction,"{'cat1_name': 'Trucks', 'cat1_id': 'Trucks', 'cat2_name': '', 'cat2_id': '', 'cat3_name': '', 'cat3_id': ''}",{'desc': ''},https://www.truckscorner.com/auction/trucks-1/41239012/am-general-6x6-nc.html,//d22dk94hfc1k6q.cloudfront.net/none/220-160/337957/41240462/41240462_1617145580_540.jpg,AM General 6X6 
auction,"{'cat1_name': 'Trucks', 'cat1_id': 'Trucks', 'cat2_name': '', 'cat2_id': '', 'cat3_name': '', 'cat3_id': ''}",{'desc': ''},https://www.truckscorner.com/auction/trucks-1/41239011/am-general-6x6-nc.html,//d22dk94hfc1k6q.cloudfront.net/none/220-160/337957/41240462/41240462_1617145580_540.jpg,AM General 6X6 
auction,"{'cat1_name': 'Trucks', 'cat1_id': 'Trucks', 'cat2_name': '', 'cat2_id': '', 'cat3_name': '', 'cat3_id': ''}",{'desc': ''},https://www.truckscorner.com/auction/trucks-1/41238976/international-4900-nc.html,//d22dk94hfc1k6q.cloudfront.net/none/220-160/337957/41240462/41240462_1617145580_540.jpg,International 4900 
auction,"{'cat1_name': 'Trucks', 'cat1_id': 'Trucks', 'cat2_name': '', 'cat2_id': '', 'cat3_name': '', 'cat3_id': ''}",{'desc': ''},https://www.truckscorner.com/auction/trucks-1/41237625/chevrolet-c7500-nc.html,//d22dk94hfc1k6q.cloudfront.net/none/220-160/337957/41240462/41240462_1617145580_540.jpg,Chevrolet C7500 
auction,"{'cat1_name': 'Trucks', 'cat1_id': 'Trucks', 'cat2_name': '', 'cat2_id': '', 'cat3_name': '', 'cat3_id': ''}",{'desc': ''},https://www.truckscorner.com/auction/trucks-1/41237623/sterling-l7500-nc.html,//d22dk94hfc1k6q.cloudfront.net/none/220-160/337957/41240462/41240462_1617145580_540.jpg,Sterling L7500 
auction,"{'cat1_name': 'Trucks', 'cat1_id': 'Trucks', 'cat2_name': '', 'cat2_id': '', 'cat3_name': '', 'cat3_id': ''}",{'desc': ''},https://www.truckscorner.com/auction/trucks-1/41237622/ford-f450-xlt-s-a-nc.html,//d22dk94hfc1k6q.cloudfront.net/none/220-160/337957/41240462/41240462_1617145580_540.jpg,Ford F450 XLT S/A 
auction,"{'cat1_name': 'Trucks', 'cat1_id': 'Trucks', 'cat2_name': '', 'cat2_id': '', 'cat3_name': '', 'cat3_id': ''}",{'desc': ''},https://www.truckscorner.com/auction/trucks-1/41237613/freightliner-m2106-nc.html,//d22dk94hfc1k6q.cloudfront.net/none/220-160/337957/41240462/41240462_1617145580_540.jpg,Freightliner M2106 
auction,"{'cat1_name': 'Trucks', 'cat1_id': 'Trucks', 'cat2_name': '', 'cat2_id': '', 'cat3_name': '', 'cat3_id': ''}",{'desc': ''},https://www.truckscorner.com/auction/trucks-1/41237612/ford-f450-autres.html,//d22dk94hfc1k6q.cloudfront.net/none/220-160/337957/41240462/41240462_1617145580_540.jpg,Ford F450 Others
auction,"{'cat1_name': 'Trucks', 'cat1_id': 'Trucks', 'cat2_name': '', 'cat2_id': '', 'cat3_name': '', 'cat3_id': ''}",{'desc': ''},https://www.truckscorner.com/auction/trucks-1/41237597/gmc-7500-autres.html,//d22dk94hfc1k6q.cloudfront.net/none/220-160/337957/41240462/41240462_1617145580_540.jpg,GMC 7500 Others
auction,"{'cat1_name': 'Trucks', 'cat1_id': 'Trucks', 'cat2_name': '', 'cat2_id': '', 'cat3_name': '', 'cat3_id': ''}",{'desc': ''},https://www.truckscorner.com/auction/trucks-1/41237579/dodge-ram-4500-crew-cab-4x4-nc.html,//d22dk94hfc1k6q.cloudfront.net/none/220-160/337957/41240462/41240462_1617145580_540.jpg,Dodge RAM 4500 Crew Cab 4x4 
auction,"{'cat1_name': 'Trucks', 'cat1_id': 'Trucks', 'cat2_name': '', 'cat2_id': '', 'cat3_name': '', 'cat3_id': ''}",{'desc': ''},https://www.truckscorner.com/auction/trucks-1/41237233/ford-f550-autres.html,//d22dk94hfc1k6q.cloudfront.net/none/220-160/337957/41240462/41240462_1617145580_540.jpg,Ford F550 Others
auction,"{'cat1_name': 'Trucks', 'cat1_id': 'Trucks', 'cat2_name': '', 'cat2_id': '', 'cat3_name': '', 'cat3_id': ''}",{'desc': ''},https://www.truckscorner.com/auction/trucks-1/41237220/ford-f350-autres.html,//d22dk94hfc1k6q.cloudfront.net/none/220-160/337957/41240462/41240462_1617145580_540.jpg,Ford F350 Others
auction,"{'cat1_name': 'Trucks', 'cat1_id': 'Trucks', 'cat2_name': '', 'cat2_id': '', 'cat3_name': '', 'cat3_id': ''}",{'desc': ''},https://www.truckscorner.com/auction/trucks-1/41237137/gmc-c7500-nc.html,//d22dk94hfc1k6q.cloudfront.net/none/220-160/337957/41240462/41240462_1617145580_540.jpg,GMC C7500 
auction,"{'cat1_name': 'Trucks', 'cat1_id': 'Trucks', 'cat2_name': '', 'cat2_id': '', 'cat3_name': '', 'cat3_id': ''}",{'desc': ''},https://www.truckscorner.com/auction/trucks-1/41236788/ford-f550-autres.html,//d22dk94hfc1k6q.cloudfront.net/none/220-160/337957/41240462/41240462_1617145580_540.jpg,Ford F550 Others
auction,"{'cat1_name': 'Trucks', 'cat1_id': 'Trucks', 'cat2_name': '', 'cat2_id': '', 'cat3_name': '', 'cat3_id': ''}",{'desc': ''},https://www.truckscorner.com/auction/trucks-1/41236786/international-4900-nc.html,//d22dk94hfc1k6q.cloudfront.net/none/220-160/337957/41240462/41240462_1617145580_540.jpg,International 4900 
auction,"{'cat1_name': 'Trucks', 'cat1_id': 'Trucks', 'cat2_name': '', 'cat2_id': '', 'cat3_name': '', 'cat3_id': ''}",{'desc': ''},https://www.truckscorner.com/auction/trucks-1/41236567/ford-f450-nc.html,//d22dk94hfc1k6q.cloudfront.net/none/220-160/337957/41240462/41240462_1617145580_540.jpg,Ford F450 
auction,"{'cat1_name': 'Trucks', 'cat1_id': 'Trucks', 'cat2_name': '', 'cat2_id': '', 'cat3_name': '', 'cat3_id': ''}",{'desc': ''},https://www.truckscorner.com/auction/trucks-1/41236488/peterbilt-357-nc.html,//d22dk94hfc1k6q.cloudfront.net/none/220-160/337957/41240462/41240462_1617145580_540.jpg,Peterbilt 357 
auction,"{'cat1_name': 'Trucks', 'cat1_id': 'Trucks', 'cat2_name': '', 'cat2_id': '', 'cat3_name': '', 'cat3_id': ''}",{'desc': ''},https://www.truckscorner.com/auction/trucks-1/41236484/international-4400-side-loader-nc.html,//d22dk94hfc1k6q.cloudfront.net/none/220-160/337957/41240462/41240462_1617145580_540.jpg,International 4400 Side Loader 
auction,"{'cat1_name': 'Trucks', 'cat1_id': 'Trucks', 'cat2_name': '', 'cat2_id': '', 'cat3_name': '', 'cat3_id': ''}",{'desc': ''},https://www.truckscorner.com/auction/trucks-1/41236481/international-4300-nc.html,//d22dk94hfc1k6q.cloudfront.net/none/220-160/337957/41240462/41240462_1617145580_540.jpg,International 4300 
auction,"{'cat1_name': 'Trucks', 'cat1_id': 'Trucks', 'cat2_name': '', 'cat2_id': '', 'cat3_name': '', 'cat3_id': ''}",{'desc': ''},https://www.truckscorner.com/auction/trucks-1/41236439/chevrolet-2500hd-nc.html,//d22dk94hfc1k6q.cloudfront.net/none/220-160/337957/41240462/41240462_1617145580_540.jpg,Chevrolet 2500HD 
auction,"{'cat1_name': 'Hydro-cleansing lorry', 'cat1_id': 'Hydro-cleansing lorry', 'cat2_name': '', 'cat2_id': '', 'cat3_name': '', 'cat3_id': ''}",{'desc': ''},https://www.truckscorner.com/auction/trucks-1/41236299/international-7500-nc.html,//d22dk94hfc1k6q.cloudfront.net/none/220-160/337957/41236299/41236299_1617104359_363.jpg,International 7500 
auction,"{'cat1_name': 'Hydro-cleansing lorry', 'cat1_id': 'Hydro-cleansing lorry', 'cat2_name': '', 'cat2_id': '', 'cat3_name': '', 'cat3_id': ''}",{'desc': ''},https://www.truckscorner.com/auction/trucks-1/41236215/hino-268-nc.html,//d22dk94hfc1k6q.cloudfront.net/none/220-160/337957/41236299/41236299_1617104359_363.jpg,Hino 268 
auction,"{'cat1_name': 'Hydro-cleansing lorry', 'cat1_id': 'Hydro-cleansing lorry', 'cat2_name': '', 'cat2_id': '', 'cat3_name': '', 'cat3_id': ''}",{'desc': ''},https://www.truckscorner.com/auction/trucks-1/41236108/mack-granite-nc.html,//d22dk94hfc1k6q.cloudfront.net/none/220-160/337957/41236299/41236299_1617104359_363.jpg,Mack GRANITE 
auction,"{'cat1_name': 'Hydro-cleansing lorry', 'cat1_id': 'Hydro-cleansing lorry', 'cat2_name': '', 'cat2_id': '', 'cat3_name': '', 'cat3_id': ''}",{'desc': ''},https://www.truckscorner.com/auction/trucks-1/41235939/freightliner-m2106-extended-cab-s-a-nc.html,//d22dk94hfc1k6q.cloudfront.net/none/220-160/337957/41236299/41236299_1617104359_363.jpg,Freightliner M2106 Extended Cab S/A 
auction,"{'cat1_name': 'Hydro-cleansing lorry', 'cat1_id': 'Hydro-cleansing lorry', 'cat2_name': '', 'cat2_id': '', 'cat3_name': '', 'cat3_id': ''}",{'desc': ''},https://www.truckscorner.com/auction/trucks-1/41235938/freightliner-fl50-nc.html,//d22dk94hfc1k6q.cloudfront.net/none/220-160/337957/41236299/41236299_1617104359_363.jpg,Freightliner FL50 
auction,"{'cat1_name': 'Hydro-cleansing lorry', 'cat1_id': 'Hydro-cleansing lorry', 'cat2_name': '', 'cat2_id': '', 'cat3_name': '', 'cat3_id': ''}",{'desc': ''},https://www.truckscorner.com/auction/trucks-1/41235758/kenworth-t800-nc.html,//d22dk94hfc1k6q.cloudfront.net/none/220-160/337957/41236299/41236299_1617104359_363.jpg,Kenworth T800 
auction,"{'cat1_name': 'Hydro-cleansing lorry', 'cat1_id': 'Hydro-cleansing lorry', 'cat2_name': '', 'cat2_id': '', 'cat3_name': '', 'cat3_id': ''}",{'desc': ''},https://www.truckscorner.com/auction/trucks-1/41235561/kenworth-t4-nc.html,//d22dk94hfc1k6q.cloudfront.net/none/220-160/337957/41236299/41236299_1617104359_363.jpg,Kenworth T4 
auction,"{'cat1_name': 'Hydro-cleansing lorry', 'cat1_id': 'Hydro-cleansing lorry', 'cat2_name': '', 'cat2_id': '', 'cat3_name': '', 'cat3_id': ''}",{'desc': ''},https://www.truckscorner.com/auction/trucks-1/41235534/international-4300-durastar-s-a-nc.html,//d22dk94hfc1k6q.cloudfront.net/none/220-160/337957/41236299/41236299_1617104359_363.jpg,International 4300 Durastar S/A 
auction,"{'cat1_name': 'Hydro-cleansing lorry', 'cat1_id': 'Hydro-cleansing lorry', 'cat2_name': '', 'cat2_id': '', 'cat3_name': '', 'cat3_id': ''}",{'desc': ''},https://www.truckscorner.com/auction/trucks-1/41235526/international-4700-autres.html,//d22dk94hfc1k6q.cloudfront.net/none/220-160/337957/41236299/41236299_1617104359_363.jpg,International 4700 Others
auction,"{'cat1_name': 'Hydro-cleansing lorry', 'cat1_id': 'Hydro-cleansing lorry', 'cat2_name': '', 'cat2_id': '', 'cat3_name': '', 'cat3_id': ''}",{'desc': ''},https://www.truckscorner.com/auction/trucks-1/41235522/isuzu-npr-nc.html,//d22dk94hfc1k6q.cloudfront.net/none/220-160/337957/41236299/41236299_1617104359_363.jpg,Isuzu NPR 
auction,"{'cat1_name': 'Hydro-cleansing lorry', 'cat1_id': 'Hydro-cleansing lorry', 'cat2_name': '', 'cat2_id': '', 'cat3_name': '', 'cat3_id': ''}",{'desc': ''},https://www.truckscorner.com/auction/trucks-1/41235520/ford-f350xl-4x2.html,//d22dk94hfc1k6q.cloudfront.net/none/220-160/337957/41236299/41236299_1617104359_363.jpg,Ford F350XL 4x2
auction,"{'cat1_name': 'Hydro-cleansing lorry', 'cat1_id': 'Hydro-cleansing lorry', 'cat2_name': '', 'cat2_id': '', 'cat3_name': '', 'cat3_id': ''}",{'desc': ''},https://www.truckscorner.com/auction/trucks-1/41235462/kenworth-t300-nc.html,//d22dk94hfc1k6q.cloudfront.net/none/220-160/337957/41236299/41236299_1617104359_363.jpg,Kenworth T300 
auction,"{'cat1_name': 'Hydro-cleansing lorry', 'cat1_id': 'Hydro-cleansing lorry', 'cat2_name': '', 'cat2_id': '', 'cat3_name': '', 'cat3_id': ''}",{'desc': ''},https://www.truckscorner.com/auction/trucks-1/41235455/hino-195-hybrid-nc.html,//d22dk94hfc1k6q.cloudfront.net/none/220-160/337957/41236299/41236299_1617104359_363.jpg,Hino 195 HYBRID 
auction,"{'cat1_name': 'Hydro-cleansing lorry', 'cat1_id': 'Hydro-cleansing lorry', 'cat2_name': '', 'cat2_id': '', 'cat3_name': '', 'cat3_id': ''}",{'desc': ''},https://www.truckscorner.com/auction/trucks-1/41235452/freightliner-m2106-nc.html,//d22dk94hfc1k6q.cloudfront.net/none/220-160/337957/41236299/41236299_1617104359_363.jpg,Freightliner M2106 
auction,"{'cat1_name': 'Hydro-cleansing lorry', 'cat1_id': 'Hydro-cleansing lorry', 'cat2_name': '', 'cat2_id': '', 'cat3_name': '', 'cat3_id': ''}",{'desc': ''},https://www.truckscorner.com/auction/trucks-1/41235430/freightliner-c120064-autres.html,//d22dk94hfc1k6q.cloudfront.net/none/220-160/337957/41236299/41236299_1617104359_363.jpg,Freightliner C120064 Others
auction,"{'cat1_name': 'Hydro-cleansing lorry', 'cat1_id': 'Hydro-cleansing lorry', 'cat2_name': '', 'cat2_id': '', 'cat3_name': '', 'cat3_id': ''}",{'desc': ''},https://www.truckscorner.com/auction/trucks-1/41235429/isuzu-npr-nc.html,//d22dk94hfc1k6q.cloudfront.net/none/220-160/337957/41236299/41236299_1617104359_363.jpg,Isuzu NPR 
auction,"{'cat1_name': 'Hydro-cleansing lorry', 'cat1_id': 'Hydro-cleansing lorry', 'cat2_name': '', 'cat2_id': '', 'cat3_name': '', 'cat3_id': ''}",{'desc': ''},https://www.truckscorner.com/auction/trucks-1/41235426/international-4700-nc.html,//d22dk94hfc1k6q.cloudfront.net/none/220-160/337957/41236299/41236299_1617104359_363.jpg,International 4700 
auction,"{'cat1_name': 'Hydro-cleansing lorry', 'cat1_id': 'Hydro-cleansing lorry', 'cat2_name': '', 'cat2_id': '', 'cat3_name': '', 'cat3_id': ''}",{'desc': ''},https://www.truckscorner.com/auction/trucks-1/41235392/ford-lcf450-nc.html,//d22dk94hfc1k6q.cloudfront.net/none/220-160/337957/41236299/41236299_1617104359_363.jpg,Ford LCF450 
auction,"{'cat1_name': 'Hydro-cleansing lorry', 'cat1_id': 'Hydro-cleansing lorry', 'cat2_name': '', 'cat2_id': '', 'cat3_name': '', 'cat3_id': ''}",{'desc': ''},https://www.truckscorner.com/auction/trucks-1/41235300/ford-f550-nc.html,//d22dk94hfc1k6q.cloudfront.net/none/220-160/337957/41236299/41236299_1617104359_363.jpg,Ford F550 
auction,"{'cat1_name': 'Hydro-cleansing lorry', 'cat1_id': 'Hydro-cleansing lorry', 'cat2_name': '', 'cat2_id': '', 'cat3_name': '', 'cat3_id': ''}",{'desc': ''},https://www.truckscorner.com/auction/trucks-1/41235291/am-general-6x6-nc.html,//d22dk94hfc1k6q.cloudfront.net/none/220-160/337957/41236299/41236299_1617104359_363.jpg,AM General 6X6 
auction,"{'cat1_name': 'Hydro-cleansing lorry', 'cat1_id': 'Hydro-cleansing lorry', 'cat2_name': '', 'cat2_id': '', 'cat3_name': '', 'cat3_id': ''}",{'desc': ''},https://www.truckscorner.com/auction/trucks-1/41235260/chevrolet-kodiak-nc.html,//d22dk94hfc1k6q.cloudfront.net/none/220-160/337957/41236299/41236299_1617104359_363.jpg,Chevrolet KODIAK 
auction,"{'cat1_name': 'Hydro-cleansing lorry', 'cat1_id': 'Hydro-cleansing lorry', 'cat2_name': '', 'cat2_id': '', 'cat3_name': '', 'cat3_id': ''}",{'desc': ''},https://www.truckscorner.com/auction/trucks-1/41235036/ford-f550-autres.html,//d22dk94hfc1k6q.cloudfront.net/none/220-160/337957/41236299/41236299_1617104359_363.jpg,Ford F550 Others
auction,"{'cat1_name': 'Hydro-cleansing lorry', 'cat1_id': 'Hydro-cleansing lorry', 'cat2_name': '', 'cat2_id': '', 'cat3_name': '', 'cat3_id': ''}",{'desc': ''},https://www.truckscorner.com/auction/trucks-1/41235033/peterbilt-379-nc.html,//d22dk94hfc1k6q.cloudfront.net/none/220-160/337957/41236299/41236299_1617104359_363.jpg,Peterbilt 379 
auction,"{'cat1_name': 'Hydro-cleansing lorry', 'cat1_id': 'Hydro-cleansing lorry', 'cat2_name': '', 'cat2_id': '', 'cat3_name': '', 'cat3_id': ''}",{'desc': ''},https://www.truckscorner.com/auction/trucks-1/41234933/hino-268-nc.html,//d22dk94hfc1k6q.cloudfront.net/none/220-160/337957/41236299/41236299_1617104359_363.jpg,Hino 268 
auction,"{'cat1_name': 'Hydro-cleansing lorry', 'cat1_id': 'Hydro-cleansing lorry', 'cat2_name': '', 'cat2_id': '', 'cat3_name': '', 'cat3_id': ''}",{'desc': ''},https://www.truckscorner.com/auction/trucks-1/41234932/hino-268-nc.html,//d22dk94hfc1k6q.cloudfront.net/none/220-160/337957/41236299/41236299_1617104359_363.jpg,Hino 268 
auction,"{'cat1_name': 'Hydro-cleansing lorry', 'cat1_id': 'Hydro-cleansing lorry', 'cat2_name': '', 'cat2_id': '', 'cat3_name': '', 'cat3_id': ''}",{'desc': ''},https://www.truckscorner.com/auction/trucks-1/41234931/hino-155-crew-cab-nc.html,//d22dk94hfc1k6q.cloudfront.net/none/220-160/337957/41236299/41236299_1617104359_363.jpg,Hino 155 Crew Cab 
auction,"{'cat1_name': 'Hydro-cleansing lorry', 'cat1_id': 'Hydro-cleansing lorry', 'cat2_name': '', 'cat2_id': '', 'cat3_name': '', 'cat3_id': ''}",{'desc': ''},https://www.truckscorner.com/auction/trucks-1/41234888/freightliner-fl70-nc.html,//d22dk94hfc1k6q.cloudfront.net/none/220-160/337957/41236299/41236299_1617104359_363.jpg,Freightliner FL70 
auction,"{'cat1_name': 'Hydro-cleansing lorry', 'cat1_id': 'Hydro-cleansing lorry', 'cat2_name': '', 'cat2_id': '', 'cat3_name': '', 'cat3_id': ''}",{'desc': ''},https://www.truckscorner.com/auction/trucks-1/41234511/peterbilt-386-nc.html,//d22dk94hfc1k6q.cloudfront.net/none/220-160/337957/41236299/41236299_1617104359_363.jpg,Peterbilt 386 
auction,"{'cat1_name': 'Hydro-cleansing lorry', 'cat1_id': 'Hydro-cleansing lorry', 'cat2_name': '', 'cat2_id': '', 'cat3_name': '', 'cat3_id': ''}",{'desc': ''},https://www.truckscorner.com/auction/trucks-1/41234364/international-4900-nc.html,//d22dk94hfc1k6q.cloudfront.net/none/220-160/337957/41236299/41236299_1617104359_363.jpg,International 4900 
auction,"{'cat1_name': 'Hydro-cleansing lorry', 'cat1_id': 'Hydro-cleansing lorry', 'cat2_name': '', 'cat2_id': '', 'cat3_name': '', 'cat3_id': ''}",{'desc': ''},https://www.truckscorner.com/auction/trucks-1/41234359/hino-268-nc.html,//d22dk94hfc1k6q.cloudfront.net/none/220-160/337957/41236299/41236299_1617104359_363.jpg,Hino 268 
auction,"{'cat1_name': 'Hydro-cleansing lorry', 'cat1_id': 'Hydro-cleansing lorry', 'cat2_name': '', 'cat2_id': '', 'cat3_name': '', 'cat3_id': ''}",{'desc': ''},https://www.truckscorner.com/auction/trucks-1/41234296/freightliner-m2106-nc.html,//d22dk94hfc1k6q.cloudfront.net/none/220-160/337957/41236299/41236299_1617104359_363.jpg,Freightliner M2106 
auction,"{'cat1_name': 'Hydro-cleansing lorry', 'cat1_id': 'Hydro-cleansing lorry', 'cat2_name': '', 'cat2_id': '', 'cat3_name': '', 'cat3_id': ''}",{'desc': ''},https://www.truckscorner.com/auction/trucks-1/41234295/freightliner-m2106-nc.html,//d22dk94hfc1k6q.cloudfront.net/none/220-160/337957/41236299/41236299_1617104359_363.jpg,Freightliner M2106 
auction,"{'cat1_name': 'Hydro-cleansing lorry', 'cat1_id': 'Hydro-cleansing lorry', 'cat2_name': '', 'cat2_id': '', 'cat3_name': '', 'cat3_id': ''}",{'desc': ''},https://www.truckscorner.com/auction/trucks-1/41234293/hino-338-nc.html,//d22dk94hfc1k6q.cloudfront.net/none/220-160/337957/41236299/41236299_1617104359_363.jpg,Hino 338 
auction,"{'cat1_name': 'Hydro-cleansing lorry', 'cat1_id': 'Hydro-cleansing lorry', 'cat2_name': '', 'cat2_id': '', 'cat3_name': '', 'cat3_id': ''}",{'desc': ''},https://www.truckscorner.com/auction/trucks-1/41234292/hino-338-nc.html,//d22dk94hfc1k6q.cloudfront.net/none/220-160/337957/41236299/41236299_1617104359_363.jpg,Hino 338 
auction,"{'cat1_name': 'Hydro-cleansing lorry', 'cat1_id': 'Hydro-cleansing lorry', 'cat2_name': '', 'cat2_id': '', 'cat3_name': '', 'cat3_id': ''}",{'desc': ''},https://www.truckscorner.com/auction/trucks-1/41234291/hino-338-nc.html,//d22dk94hfc1k6q.cloudfront.net/none/220-160/337957/41236299/41236299_1617104359_363.jpg,Hino 338 
auction,"{'cat1_name': 'Hydro-cleansing lorry', 'cat1_id': 'Hydro-cleansing lorry', 'cat2_name': '', 'cat2_id': '', 'cat3_name': '', 'cat3_id': ''}",{'desc': ''},https://www.truckscorner.com/auction/trucks-1/41234290/hino-338-nc.html,//d22dk94hfc1k6q.cloudfront.net/none/220-160/337957/41236299/41236299_1617104359_363.jpg,Hino 338 
auction,"{'cat1_name': 'Hydro-cleansing lorry', 'cat1_id': 'Hydro-cleansing lorry', 'cat2_name': '', 'cat2_id': '', 'cat3_name': '', 'cat3_id': ''}",{'desc': ''},https://www.truckscorner.com/auction/trucks-1/41234289/international-4300sbalp-nc.html,//d22dk94hfc1k6q.cloudfront.net/none/220-160/337957/41236299/41236299_1617104359_363.jpg,International 4300SBALP 
auction,"{'cat1_name': 'Hydro-cleansing lorry', 'cat1_id': 'Hydro-cleansing lorry', 'cat2_name': '', 'cat2_id': '', 'cat3_name': '', 'cat3_id': ''}",{'desc': ''},https://www.truckscorner.com/auction/trucks-1/41234288/international-4300sba-lp-nc.html,//d22dk94hfc1k6q.cloudfront.net/none/220-160/337957/41236299/41236299_1617104359_363.jpg,International 4300SBA LP 
auction,"{'cat1_name': 'Hydro-cleansing lorry', 'cat1_id': 'Hydro-cleansing lorry', 'cat2_name': '', 'cat2_id': '', 'cat3_name': '', 'cat3_id': ''}",{'desc': ''},https://www.truckscorner.com/auction/trucks-1/41234287/hino-338-nc.html,//d22dk94hfc1k6q.cloudfront.net/none/220-160/337957/41236299/41236299_1617104359_363.jpg,Hino 338 
auction,"{'cat1_name': 'Hydro-cleansing lorry', 'cat1_id': 'Hydro-cleansing lorry', 'cat2_name': '', 'cat2_id': '', 'cat3_name': '', 'cat3_id': ''}",{'desc': ''},https://www.truckscorner.com/auction/trucks-1/41234284/international-4300sba-nc.html,//d22dk94hfc1k6q.cloudfront.net/none/220-160/337957/41236299/41236299_1617104359_363.jpg,International 4300SBA 
auction,"{'cat1_name': 'Hydro-cleansing lorry', 'cat1_id': 'Hydro-cleansing lorry', 'cat2_name': '', 'cat2_id': '', 'cat3_name': '', 'cat3_id': ''}",{'desc': ''},https://www.truckscorner.com/auction/trucks-1/41234280/ford-f550-xl-nc.html,//d22dk94hfc1k6q.cloudfront.net/none/220-160/337957/41236299/41236299_1617104359_363.jpg,Ford F550 XL 
auction,"{'cat1_name': 'Hydro-cleansing lorry', 'cat1_id': 'Hydro-cleansing lorry', 'cat2_name': '', 'cat2_id': '', 'cat3_name': '', 'cat3_id': ''}",{'desc': ''},https://www.truckscorner.com/auction/trucks-1/41233760/kenworth-c500-nc.html,//d22dk94hfc1k6q.cloudfront.net/none/220-160/337957/41236299/41236299_1617104359_363.jpg,Kenworth C500 
auction,"{'cat1_name': 'Hydro-cleansing lorry', 'cat1_id': 'Hydro-cleansing lorry', 'cat2_name': '', 'cat2_id': '', 'cat3_name': '', 'cat3_id': ''}",{'desc': ''},https://www.truckscorner.com/auction/trucks-1/41233662/ford-f550-nc.html,//d22dk94hfc1k6q.cloudfront.net/none/220-160/337957/41236299/41236299_1617104359_363.jpg,Ford F550 
auction,"{'cat1_name': 'Hydro-cleansing lorry', 'cat1_id': 'Hydro-cleansing lorry', 'cat2_name': '', 'cat2_id': '', 'cat3_name': '', 'cat3_id': ''}",{'desc': ''},https://www.truckscorner.com/auction/trucks-1/41233632/international-4400-sba-nc.html,//d22dk94hfc1k6q.cloudfront.net/none/220-160/337957/41236299/41236299_1617104359_363.jpg,International 4400 SBA 
auction,"{'cat1_name': 'Hydro-cleansing lorry', 'cat1_id': 'Hydro-cleansing lorry', 'cat2_name': '', 'cat2_id': '', 'cat3_name': '', 'cat3_id': ''}",{'desc': ''},https://www.truckscorner.com/auction/trucks-1/41233466/peterbilt-340-nc.html,//d22dk94hfc1k6q.cloudfront.net/none/220-160/337957/41236299/41236299_1617104359_363.jpg,Peterbilt 340 
auction,"{'cat1_name': 'Hydro-cleansing lorry', 'cat1_id': 'Hydro-cleansing lorry', 'cat2_name': '', 'cat2_id': '', 'cat3_name': '', 'cat3_id': ''}",{'desc': ''},https://www.truckscorner.com/auction/trucks-1/41233461/ford-f750-nc.html,//d22dk94hfc1k6q.cloudfront.net/none/220-160/337957/41236299/41236299_1617104359_363.jpg,Ford F750 
auction,"{'cat1_name': 'Hydro-cleansing lorry', 'cat1_id': 'Hydro-cleansing lorry', 'cat2_name': '', 'cat2_id': '', 'cat3_name': '', 'cat3_id': ''}",{'desc': ''},https://www.truckscorner.com/auction/trucks-1/41233447/ford-f550-xl-nc.html,//d22dk94hfc1k6q.cloudfront.net/none/220-160/337957/41236299/41236299_1617104359_363.jpg,Ford F550 XL 
auction,"{'cat1_name': 'Hydro-cleansing lorry', 'cat1_id': 'Hydro-cleansing lorry', 'cat2_name': '', 'cat2_id': '', 'cat3_name': '', 'cat3_id': ''}",{'desc': ''},https://www.truckscorner.com/auction/trucks-1/41233446/ford-f750-nc.html,//d22dk94hfc1k6q.cloudfront.net/none/220-160/337957/41236299/41236299_1617104359_363.jpg,Ford F750 
auction,"{'cat1_name': 'Hydro-cleansing lorry', 'cat1_id': 'Hydro-cleansing lorry', 'cat2_name': '', 'cat2_id': '', 'cat3_name': '', 'cat3_id': ''}",{'desc': ''},https://www.truckscorner.com/auction/trucks-1/41232911/freightliner-c112-autres.html,//d22dk94hfc1k6q.cloudfront.net/none/220-160/337957/41236299/41236299_1617104359_363.jpg,Freightliner C112 Others
auction,"{'cat1_name': 'Hydro-cleansing lorry', 'cat1_id': 'Hydro-cleansing lorry', 'cat2_name': '', 'cat2_id': '', 'cat3_name': '', 'cat3_id': ''}",{'desc': ''},https://www.truckscorner.com/auction/trucks-1/41232833/kenworth-t800-nc.html,//d22dk94hfc1k6q.cloudfront.net/none/220-160/337957/41236299/41236299_1617104359_363.jpg,Kenworth T800 
auction,"{'cat1_name': 'Trucks', 'cat1_id': 'Trucks', 'cat2_name': '', 'cat2_id': '', 'cat3_name': '', 'cat3_id': ''}",{'desc': ''},https://www.truckscorner.com/auction/trucks-1/41232830/international-4700-nc.html,//d22dk94hfc1k6q.cloudfront.net/none/220-160/337957/41232830/41232830_1617098093_942.jpg,International 4700 
auction,"{'cat1_name': 'Trucks', 'cat1_id': 'Trucks', 'cat2_name': '', 'cat2_id': '', 'cat3_name': '', 'cat3_id': ''}",{'desc': ''},https://www.truckscorner.com/auction/trucks-1/41232828/kenworth-t800-nc.html,//d22dk94hfc1k6q.cloudfront.net/none/220-160/337957/41232830/41232830_1617098093_942.jpg,Kenworth T800 
auction,"{'cat1_name': 'Trucks', 'cat1_id': 'Trucks', 'cat2_name': '', 'cat2_id': '', 'cat3_name': '', 'cat3_id': ''}",{'desc': ''},https://www.truckscorner.com/auction/trucks-1/41232827/ford-f450-xl-nc.html,//d22dk94hfc1k6q.cloudfront.net/none/220-160/337957/41232830/41232830_1617098093_942.jpg,Ford F450 XL 
auction,"{'cat1_name': 'Trucks', 'cat1_id': 'Trucks', 'cat2_name': '', 'cat2_id': '', 'cat3_name': '', 'cat3_id': ''}",{'desc': ''},https://www.truckscorner.com/auction/trucks-1/41232766/international-4300sba-nc.html,//d22dk94hfc1k6q.cloudfront.net/none/220-160/337957/41232830/41232830_1617098093_942.jpg,International 4300SBA 
auction,"{'cat1_name': 'Trucks', 'cat1_id': 'Trucks', 'cat2_name': '', 'cat2_id': '', 'cat3_name': '', 'cat3_id': ''}",{'desc': ''},https://www.truckscorner.com/auction/trucks-1/41232632/ford-f450-xlt-nc.html,//d22dk94hfc1k6q.cloudfront.net/none/220-160/337957/41232830/41232830_1617098093_942.jpg,Ford F450 XLT 
auction,"{'cat1_name': 'Trucks', 'cat1_id': 'Trucks', 'cat2_name': '', 'cat2_id': '', 'cat3_name': '', 'cat3_id': ''}",{'desc': ''},https://www.truckscorner.com/auction/trucks-1/41232628/ford-f650-nc.html,//d22dk94hfc1k6q.cloudfront.net/none/220-160/337957/41232830/41232830_1617098093_942.jpg,Ford F650 
auction,"{'cat1_name': 'Trucks', 'cat1_id': 'Trucks', 'cat2_name': '', 'cat2_id': '', 'cat3_name': '', 'cat3_id': ''}",{'desc': ''},https://www.truckscorner.com/auction/trucks-1/41232627/ford-f650-xl-nc.html,//d22dk94hfc1k6q.cloudfront.net/none/220-160/337957/41232830/41232830_1617098093_942.jpg,Ford F650 XL 
auction,"{'cat1_name': 'Trucks', 'cat1_id': 'Trucks', 'cat2_name': '', 'cat2_id': '', 'cat3_name': '', 'cat3_id': ''}",{'desc': ''},https://www.truckscorner.com/auction/trucks-1/41232600/ford-l8000-nc.html,//d22dk94hfc1k6q.cloudfront.net/none/220-160/337957/41232830/41232830_1617098093_942.jpg,Ford L8000 
auction,"{'cat1_name': 'Trucks', 'cat1_id': 'Trucks', 'cat2_name': '', 'cat2_id': '', 'cat3_name': '', 'cat3_id': ''}",{'desc': ''},https://www.truckscorner.com/auction/trucks-1/41232580/peterbilt-330-autres.html,//d22dk94hfc1k6q.cloudfront.net/none/220-160/337957/41232830/41232830_1617098093_942.jpg,Peterbilt 330 Others
auction,"{'cat1_name': 'Trucks', 'cat1_id': 'Trucks', 'cat2_name': '', 'cat2_id': '', 'cat3_name': '', 'cat3_id': ''}",{'desc': ''},https://www.truckscorner.com/auction/trucks-1/41232129/international-4300-nc.html,//d22dk94hfc1k6q.cloudfront.net/none/220-160/337957/41232830/41232830_1617098093_942.jpg,International 4300 
auction,"{'cat1_name': 'Trucks', 'cat1_id': 'Trucks', 'cat2_name': '', 'cat2_id': '', 'cat3_name': '', 'cat3_id': ''}",{'desc': ''},https://www.truckscorner.com/auction/trucks-1/41232038/ford-f800-nc.html,//d22dk94hfc1k6q.cloudfront.net/none/220-160/337957/41232830/41232830_1617098093_942.jpg,Ford F800 
auction,"{'cat1_name': 'Trucks', 'cat1_id': 'Trucks', 'cat2_name': '', 'cat2_id': '', 'cat3_name': '', 'cat3_id': ''}",{'desc': ''},https://www.truckscorner.com/auction/trucks-1/41232015/ford-f450-nc.html,//d22dk94hfc1k6q.cloudfront.net/none/220-160/337957/41232830/41232830_1617098093_942.jpg,Ford F450 
auction,"{'cat1_name': 'Trucks', 'cat1_id': 'Trucks', 'cat2_name': '', 'cat2_id': '', 'cat3_name': '', 'cat3_id': ''}",{'desc': ''},https://www.truckscorner.com/auction/trucks-1/41231995/ford-f550-nc.html,//d22dk94hfc1k6q.cloudfront.net/none/220-160/337957/41232830/41232830_1617098093_942.jpg,Ford F550 
auction,"{'cat1_name': 'Trucks', 'cat1_id': 'Trucks', 'cat2_name': '', 'cat2_id': '', 'cat3_name': '', 'cat3_id': ''}",{'desc': ''},https://www.truckscorner.com/auction/trucks-1/41231758/peterbilt-357-nc.html,//d22dk94hfc1k6q.cloudfront.net/none/220-160/337957/41232830/41232830_1617098093_942.jpg,Peterbilt 357 
auction,"{'cat1_name': 'Trucks', 'cat1_id': 'Trucks', 'cat2_name': '', 'cat2_id': '', 'cat3_name': '', 'cat3_id': ''}",{'desc': ''},https://www.truckscorner.com/auction/trucks-1/41231677/peterbilt-335-nc.html,//d22dk94hfc1k6q.cloudfront.net/none/220-160/337957/41232830/41232830_1617098093_942.jpg,Peterbilt 335 
auction,"{'cat1_name': 'Trucks', 'cat1_id': 'Trucks', 'cat2_name': '', 'cat2_id': '', 'cat3_name': '', 'cat3_id': ''}",{'desc': ''},https://www.truckscorner.com/auction/trucks-1/41231627/ford-f650-nc.html,//d22dk94hfc1k6q.cloudfront.net/none/220-160/337957/41232830/41232830_1617098093_942.jpg,Ford F650 
auction,"{'cat1_name': 'Trucks', 'cat1_id': 'Trucks', 'cat2_name': '', 'cat2_id': '', 'cat3_name': '', 'cat3_id': ''}",{'desc': ''},https://www.truckscorner.com/auction/trucks-1/41231134/freightliner-m2106-autres.html,//d22dk94hfc1k6q.cloudfront.net/none/220-160/337957/41232830/41232830_1617098093_942.jpg,Freightliner M2106 Others
auction,"{'cat1_name': 'Trucks', 'cat1_id': 'Trucks', 'cat2_name': '', 'cat2_id': '', 'cat3_name': '', 'cat3_id': ''}",{'desc': ''},https://www.truckscorner.com/auction/trucks-1/41231131/sterling-acterra-autres.html,//d22dk94hfc1k6q.cloudfront.net/none/220-160/337957/41232830/41232830_1617098093_942.jpg,Sterling ACTERRA Others
auction,"{'cat1_name': 'Trucks', 'cat1_id': 'Trucks', 'cat2_name': '', 'cat2_id': '', 'cat3_name': '', 'cat3_id': ''}",{'desc': ''},https://www.truckscorner.com/auction/trucks-1/41230850/nissan-ud2300-nc.html,//d22dk94hfc1k6q.cloudfront.net/none/220-160/337957/41232830/41232830_1617098093_942.jpg,Nissan UD2300 
auction,"{'cat1_name': 'Trucks', 'cat1_id': 'Trucks', 'cat2_name': '', 'cat2_id': '', 'cat3_name': '', 'cat3_id': ''}",{'desc': ''},https://www.truckscorner.com/auction/trucks-1/41230762/ford-f800-nc.html,//d22dk94hfc1k6q.cloudfront.net/none/220-160/337957/41232830/41232830_1617098093_942.jpg,Ford F800 
auction,"{'cat1_name': 'Trucks', 'cat1_id': 'Trucks', 'cat2_name': '', 'cat2_id': '', 'cat3_name': '', 'cat3_id': ''}",{'desc': ''},https://www.truckscorner.com/auction/trucks-1/41230760/international-s1954-nc.html,//d22dk94hfc1k6q.cloudfront.net/none/220-160/337957/41232830/41232830_1617098093_942.jpg,International S1954 
auction,"{'cat1_name': 'Trucks', 'cat1_id': 'Trucks', 'cat2_name': '', 'cat2_id': '', 'cat3_name': '', 'cat3_id': ''}",{'desc': ''},https://www.truckscorner.com/auction/trucks-1/41230722/peterbilt-379-nc.html,//d22dk94hfc1k6q.cloudfront.net/none/220-160/337957/41232830/41232830_1617098093_942.jpg,Peterbilt 379 
auction,"{'cat1_name': 'Trucks', 'cat1_id': 'Trucks', 'cat2_name': '', 'cat2_id': '', 'cat3_name': '', 'cat3_id': ''}",{'desc': ''},https://www.truckscorner.com/auction/trucks-1/41230623/kenworth-t300-nc.html,//d22dk94hfc1k6q.cloudfront.net/none/220-160/337957/41232830/41232830_1617098093_942.jpg,Kenworth T300 
auction,"{'cat1_name': 'Trucks', 'cat1_id': 'Trucks', 'cat2_name': '', 'cat2_id': '', 'cat3_name': '', 'cat3_id': ''}",{'desc': ''},https://www.truckscorner.com/auction/trucks-1/41230622/kenworth-t370-nc.html,//d22dk94hfc1k6q.cloudfront.net/none/220-160/337957/41232830/41232830_1617098093_942.jpg,Kenworth T370 
auction,"{'cat1_name': 'Trucks', 'cat1_id': 'Trucks', 'cat2_name': '', 'cat2_id': '', 'cat3_name': '', 'cat3_id': ''}",{'desc': ''},https://www.truckscorner.com/auction/trucks-1/41230621/international-1854-nc.html,//d22dk94hfc1k6q.cloudfront.net/none/220-160/337957/41232830/41232830_1617098093_942.jpg,International 1854 
auction,"{'cat1_name': 'Trucks', 'cat1_id': 'Trucks', 'cat2_name': '', 'cat2_id': '', 'cat3_name': '', 'cat3_id': ''}",{'desc': ''},https://www.truckscorner.com/auction/trucks-1/41230620/international-1854-nc.html,//d22dk94hfc1k6q.cloudfront.net/none/220-160/337957/41232830/41232830_1617098093_942.jpg,International 1854 
auction,"{'cat1_name': 'Trucks', 'cat1_id': 'Trucks', 'cat2_name': '', 'cat2_id': '', 'cat3_name': '', 'cat3_id': ''}",{'desc': ''},https://www.truckscorner.com/auction/trucks-1/41230585/kenworth-t800-autres.html,//d22dk94hfc1k6q.cloudfront.net/none/220-160/337957/41232830/41232830_1617098093_942.jpg,Kenworth T800 Others
auction,"{'cat1_name': 'Trucks', 'cat1_id': 'Trucks', 'cat2_name': '', 'cat2_id': '', 'cat3_name': '', 'cat3_id': ''}",{'desc': ''},https://www.truckscorner.com/auction/trucks-1/41230539/gmc-c4500-autres.html,//d22dk94hfc1k6q.cloudfront.net/none/220-160/337957/41232830/41232830_1617098093_942.jpg,GMC C4500 Others
auction,"{'cat1_name': 'Trucks', 'cat1_id': 'Trucks', 'cat2_name': '', 'cat2_id': '', 'cat3_name': '', 'cat3_id': ''}",{'desc': ''},https://www.truckscorner.com/auction/trucks-1/41230505/international-8600sba-nc.html,//d22dk94hfc1k6q.cloudfront.net/none/220-160/337957/41232830/41232830_1617098093_942.jpg,International 8600SBA 
auction,"{'cat1_name': 'Trucks', 'cat1_id': 'Trucks', 'cat2_name': '', 'cat2_id': '', 'cat3_name': '', 'cat3_id': ''}",{'desc': ''},https://www.truckscorner.com/auction/trucks-1/41230501/international-4300sba-nc.html,//d22dk94hfc1k6q.cloudfront.net/none/220-160/337957/41232830/41232830_1617098093_942.jpg,International 4300SBA 
auction,"{'cat1_name': 'Trucks', 'cat1_id': 'Trucks', 'cat2_name': '', 'cat2_id': '', 'cat3_name': '', 'cat3_id': ''}",{'desc': ''},https://www.truckscorner.com/auction/trucks-1/41230499/ford-f350-nc.html,//d22dk94hfc1k6q.cloudfront.net/none/220-160/337957/41232830/41232830_1617098093_942.jpg,Ford F350 
auction,"{'cat1_name': 'Trucks', 'cat1_id': 'Trucks', 'cat2_name': '', 'cat2_id': '', 'cat3_name': '', 'cat3_id': ''}",{'desc': ''},https://www.truckscorner.com/auction/trucks-1/41230488/international-4400sba-nc.html,//d22dk94hfc1k6q.cloudfront.net/none/220-160/337957/41232830/41232830_1617098093_942.jpg,International 4400SBA 
auction,"{'cat1_name': 'Trucks', 'cat1_id': 'Trucks', 'cat2_name': '', 'cat2_id': '', 'cat3_name': '', 'cat3_id': ''}",{'desc': ''},https://www.truckscorner.com/auction/trucks-1/41230474/freightliner-mt45-nc.html,//d22dk94hfc1k6q.cloudfront.net/none/220-160/337957/41232830/41232830_1617098093_942.jpg,Freightliner MT45 
auction,"{'cat1_name': 'Trucks', 'cat1_id': 'Trucks', 'cat2_name': '', 'cat2_id': '', 'cat3_name': '', 'cat3_id': ''}",{'desc': ''},https://www.truckscorner.com/auction/trucks-1/41230370/international-4400-autres.html,//d22dk94hfc1k6q.cloudfront.net/none/220-160/337957/41232830/41232830_1617098093_942.jpg,International 4400 Others
auction,"{'cat1_name': 'Trucks', 'cat1_id': 'Trucks', 'cat2_name': '', 'cat2_id': '', 'cat3_name': '', 'cat3_id': ''}",{'desc': ''},https://www.truckscorner.com/auction/trucks-1/41230369/ford-f750-xlt-nc.html,//d22dk94hfc1k6q.cloudfront.net/none/220-160/337957/41232830/41232830_1617098093_942.jpg,Ford F750 XLT 
auction,"{'cat1_name': 'Trucks', 'cat1_id': 'Trucks', 'cat2_name': '', 'cat2_id': '', 'cat3_name': '', 'cat3_id': ''}",{'desc': ''},https://www.truckscorner.com/auction/trucks-1/41230368/peterbilt-335-autres.html,//d22dk94hfc1k6q.cloudfront.net/none/220-160/337957/41232830/41232830_1617098093_942.jpg,Peterbilt 335 Others
auction,"{'cat1_name': 'Trucks', 'cat1_id': 'Trucks', 'cat2_name': '', 'cat2_id': '', 'cat3_name': '', 'cat3_id': ''}",{'desc': ''},https://www.truckscorner.com/auction/trucks-1/41230303/sterling-acterra-autres.html,//d22dk94hfc1k6q.cloudfront.net/none/220-160/337957/41232830/41232830_1617098093_942.jpg,Sterling ACTERRA Others
auction,"{'cat1_name': 'Trucks', 'cat1_id': 'Trucks', 'cat2_name': '', 'cat2_id': '', 'cat3_name': '', 'cat3_id': ''}",{'desc': ''},https://www.truckscorner.com/auction/trucks-1/41230165/kenworth-t600-nc.html,//d22dk94hfc1k6q.cloudfront.net/none/220-160/337957/41232830/41232830_1617098093_942.jpg,Kenworth T600 
auction,"{'cat1_name': 'Trucks', 'cat1_id': 'Trucks', 'cat2_name': '', 'cat2_id': '', 'cat3_name': '', 'cat3_id': ''}",{'desc': ''},https://www.truckscorner.com/auction/trucks-1/41230143/international-4300-nc.html,//d22dk94hfc1k6q.cloudfront.net/none/220-160/337957/41232830/41232830_1617098093_942.jpg,International 4300 
auction,"{'cat1_name': 'Trucks', 'cat1_id': 'Trucks', 'cat2_name': '', 'cat2_id': '', 'cat3_name': '', 'cat3_id': ''}",{'desc': ''},https://www.truckscorner.com/auction/trucks-1/41229960/ford-f700-nc.html,//d22dk94hfc1k6q.cloudfront.net/none/220-160/337957/41232830/41232830_1617098093_942.jpg,Ford F700 
auction,"{'cat1_name': 'Trucks', 'cat1_id': 'Trucks', 'cat2_name': '', 'cat2_id': '', 'cat3_name': '', 'cat3_id': ''}",{'desc': ''},https://www.truckscorner.com/auction/trucks-1/41229831/ford-lnt8000-nc.html,//d22dk94hfc1k6q.cloudfront.net/none/220-160/337957/41232830/41232830_1617098093_942.jpg,Ford LNT8000 
auction,"{'cat1_name': 'Trucks', 'cat1_id': 'Trucks', 'cat2_name': '', 'cat2_id': '', 'cat3_name': '', 'cat3_id': ''}",{'desc': ''},https://www.truckscorner.com/auction/trucks-1/41229677/caterpillar-ct660-nc.html,//d22dk94hfc1k6q.cloudfront.net/none/220-160/337957/41232830/41232830_1617098093_942.jpg,Caterpillar CT660 
auction,"{'cat1_name': 'Trucks', 'cat1_id': 'Trucks', 'cat2_name': '', 'cat2_id': '', 'cat3_name': '', 'cat3_id': ''}",{'desc': ''},https://www.truckscorner.com/auction/trucks-1/41229676/peterbilt-335-nc.html,//d22dk94hfc1k6q.cloudfront.net/none/220-160/337957/41232830/41232830_1617098093_942.jpg,Peterbilt 335 
auction,"{'cat1_name': 'Trucks', 'cat1_id': 'Trucks', 'cat2_name': '', 'cat2_id': '', 'cat3_name': '', 'cat3_id': ''}",{'desc': ''},https://www.truckscorner.com/auction/trucks-1/41229469/ford-f650-nc.html,//d22dk94hfc1k6q.cloudfront.net/none/220-160/337957/41232830/41232830_1617098093_942.jpg,Ford F650 
auction,"{'cat1_name': 'Trucks', 'cat1_id': 'Trucks', 'cat2_name': '', 'cat2_id': '', 'cat3_name': '', 'cat3_id': ''}",{'desc': ''},https://www.truckscorner.com/auction/trucks-1/41229272/ford-f450-nc.html,//d22dk94hfc1k6q.cloudfront.net/none/220-160/337957/41232830/41232830_1617098093_942.jpg,Ford F450 
auction,"{'cat1_name': 'Trucks', 'cat1_id': 'Trucks', 'cat2_name': '', 'cat2_id': '', 'cat3_name': '', 'cat3_id': ''}",{'desc': ''},https://www.truckscorner.com/auction/trucks-1/41229256/mack-cv713-nc.html,//d22dk94hfc1k6q.cloudfront.net/none/220-160/337957/41232830/41232830_1617098093_942.jpg,Mack CV713 
auction,"{'cat1_name': 'Trucks', 'cat1_id': 'Trucks', 'cat2_name': '', 'cat2_id': '', 'cat3_name': '', 'cat3_id': ''}",{'desc': ''},https://www.truckscorner.com/auction/trucks-1/41229195/gmc-w4500-autres.html,//d22dk94hfc1k6q.cloudfront.net/none/220-160/337957/41232830/41232830_1617098093_942.jpg,GMC W4500 Others
auction,"{'cat1_name': 'Trucks', 'cat1_id': 'Trucks', 'cat2_name': '', 'cat2_id': '', 'cat3_name': '', 'cat3_id': ''}",{'desc': ''},https://www.truckscorner.com/auction/trucks-1/41229194/gmc-w5500-autres.html,//d22dk94hfc1k6q.cloudfront.net/none/220-160/337957/41232830/41232830_1617098093_942.jpg,GMC W5500 Others
auction,"{'cat1_name': 'Trucks', 'cat1_id': 'Trucks', 'cat2_name': '', 'cat2_id': '', 'cat3_name': '', 'cat3_id': ''}",{'desc': ''},https://www.truckscorner.com/auction/trucks-1/41229127/ford-lts9000-nc.html,//d22dk94hfc1k6q.cloudfront.net/none/220-160/337957/41232830/41232830_1617098093_942.jpg,Ford LTS9000 
auction,"{'cat1_name': 'Trucks', 'cat1_id': 'Trucks', 'cat2_name': '', 'cat2_id': '', 'cat3_name': '', 'cat3_id': ''}",{'desc': ''},https://www.truckscorner.com/auction/trucks-1/41229126/international-8100-nc.html,//d22dk94hfc1k6q.cloudfront.net/none/220-160/337957/41232830/41232830_1617098093_942.jpg,International 8100 
auction,"{'cat1_name': 'Trucks', 'cat1_id': 'Trucks', 'cat2_name': '', 'cat2_id': '', 'cat3_name': '', 'cat3_id': ''}",{'desc': ''},https://www.truckscorner.com/auction/trucks-1/41229117/international-4400sba-autres.html,//d22dk94hfc1k6q.cloudfront.net/none/220-160/337957/41229117/41229117_1617091122_366.jpg,International 4400SBA Others
auction,"{'cat1_name': 'Trucks', 'cat1_id': 'Trucks', 'cat2_name': '', 'cat2_id': '', 'cat3_name': '', 'cat3_id': ''}",{'desc': ''},https://www.truckscorner.com/auction/trucks-1/41229116/ford-f550-nc.html,//d22dk94hfc1k6q.cloudfront.net/none/220-160/337957/41229117/41229117_1617091122_366.jpg,Ford F550 
auction,"{'cat1_name': 'Trucks', 'cat1_id': 'Trucks', 'cat2_name': '', 'cat2_id': '', 'cat3_name': '', 'cat3_id': ''}",{'desc': ''},https://www.truckscorner.com/auction/trucks-1/41229092/international-2554-nc.html,//d22dk94hfc1k6q.cloudfront.net/none/220-160/337957/41229117/41229117_1617091122_366.jpg,International 2554 
auction,"{'cat1_name': 'Trucks', 'cat1_id': 'Trucks', 'cat2_name': '', 'cat2_id': '', 'cat3_name': '', 'cat3_id': ''}",{'desc': ''},https://www.truckscorner.com/auction/trucks-1/41229090/international-2554-nc.html,//d22dk94hfc1k6q.cloudfront.net/none/220-160/337957/41229117/41229117_1617091122_366.jpg,International 2554 
auction,"{'cat1_name': 'Trucks', 'cat1_id': 'Trucks', 'cat2_name': '', 'cat2_id': '', 'cat3_name': '', 'cat3_id': ''}",{'desc': ''},https://www.truckscorner.com/auction/trucks-1/41229063/kenworth-t800b-nc.html,//d22dk94hfc1k6q.cloudfront.net/none/220-160/337957/41229117/41229117_1617091122_366.jpg,Kenworth T800B 
auction,"{'cat1_name': 'Trucks', 'cat1_id': 'Trucks', 'cat2_name': '', 'cat2_id': '', 'cat3_name': '', 'cat3_id': ''}",{'desc': ''},https://www.truckscorner.com/auction/trucks-1/41229029/sterling-l9500-nc.html,//d22dk94hfc1k6q.cloudfront.net/none/220-160/337957/41229117/41229117_1617091122_366.jpg,Sterling L9500 
auction,"{'cat1_name': 'Trucks', 'cat1_id': 'Trucks', 'cat2_name': '', 'cat2_id': '', 'cat3_name': '', 'cat3_id': ''}",{'desc': ''},https://www.truckscorner.com/auction/trucks-1/41229028/international-7600-nc.html,//d22dk94hfc1k6q.cloudfront.net/none/220-160/337957/41229117/41229117_1617091122_366.jpg,International 7600 
auction,"{'cat1_name': 'Trucks', 'cat1_id': 'Trucks', 'cat2_name': '', 'cat2_id': '', 'cat3_name': '', 'cat3_id': ''}",{'desc': ''},https://www.truckscorner.com/auction/trucks-1/41228987/mack-cv713-nc.html,//d22dk94hfc1k6q.cloudfront.net/none/220-160/337957/41229117/41229117_1617091122_366.jpg,Mack CV713 
auction,"{'cat1_name': 'Trucks', 'cat1_id': 'Trucks', 'cat2_name': '', 'cat2_id': '', 'cat3_name': '', 'cat3_id': ''}",{'desc': ''},https://www.truckscorner.com/auction/trucks-1/41228984/international-4300sba-s-a-nc.html,//d22dk94hfc1k6q.cloudfront.net/none/220-160/337957/41229117/41229117_1617091122_366.jpg,International 4300SBA S/A 
auction,"{'cat1_name': 'Trucks', 'cat1_id': 'Trucks', 'cat2_name': '', 'cat2_id': '', 'cat3_name': '', 'cat3_id': ''}",{'desc': ''},https://www.truckscorner.com/auction/trucks-1/41228983/international-4300sba-s-a-nc.html,//d22dk94hfc1k6q.cloudfront.net/none/220-160/337957/41229117/41229117_1617091122_366.jpg,International 4300SBA S/A 
auction,"{'cat1_name': 'Trucks', 'cat1_id': 'Trucks', 'cat2_name': '', 'cat2_id': '', 'cat3_name': '', 'cat3_id': ''}",{'desc': ''},https://www.truckscorner.com/auction/trucks-1/41228982/international-4300sba-s-a-nc.html,//d22dk94hfc1k6q.cloudfront.net/none/220-160/337957/41229117/41229117_1617091122_366.jpg,International 4300SBA S/A 
auction,"{'cat1_name': 'Trucks', 'cat1_id': 'Trucks', 'cat2_name': '', 'cat2_id': '', 'cat3_name': '', 'cat3_id': ''}",{'desc': ''},https://www.truckscorner.com/auction/trucks-1/41228972/dodge-3500-nc.html,//d22dk94hfc1k6q.cloudfront.net/none/220-160/337957/41229117/41229117_1617091122_366.jpg,Dodge 3500 
auction,"{'cat1_name': 'Trucks', 'cat1_id': 'Trucks', 'cat2_name': '', 'cat2_id': '', 'cat3_name': '', 'cat3_id': ''}",{'desc': ''},https://www.truckscorner.com/auction/trucks-1/41228971/kenworth-t-a-nc.html,//d22dk94hfc1k6q.cloudfront.net/none/220-160/337957/41229117/41229117_1617091122_366.jpg,Kenworth T/A 
auction,"{'cat1_name': 'Trucks', 'cat1_id': 'Trucks', 'cat2_name': '', 'cat2_id': '', 'cat3_name': '', 'cat3_id': ''}",{'desc': ''},https://www.truckscorner.com/auction/trucks-1/41228967/freightliner-m2106-nc.html,//d22dk94hfc1k6q.cloudfront.net/none/220-160/337957/41229117/41229117_1617091122_366.jpg,Freightliner M2106 
auction,"{'cat1_name': 'Trucks', 'cat1_id': 'Trucks', 'cat2_name': '', 'cat2_id': '', 'cat3_name': '', 'cat3_id': ''}",{'desc': ''},https://www.truckscorner.com/auction/trucks-1/41228733/freightliner-m2-nc.html,//d22dk94hfc1k6q.cloudfront.net/none/220-160/337957/41229117/41229117_1617091122_366.jpg,Freightliner M2 
auction,"{'cat1_name': 'Trucks', 'cat1_id': 'Trucks', 'cat2_name': '', 'cat2_id': '', 'cat3_name': '', 'cat3_id': ''}",{'desc': ''},https://www.truckscorner.com/auction/trucks-1/41228529/freightliner-m2106-nc.html,//d22dk94hfc1k6q.cloudfront.net/none/220-160/337957/41229117/41229117_1617091122_366.jpg,Freightliner M2106 
auction,"{'cat1_name': 'Trucks', 'cat1_id': 'Trucks', 'cat2_name': '', 'cat2_id': '', 'cat3_name': '', 'cat3_id': ''}",{'desc': ''},https://www.truckscorner.com/auction/trucks-1/41228493/freightliner-fld112sd-autres.html,//d22dk94hfc1k6q.cloudfront.net/none/220-160/337957/41229117/41229117_1617091122_366.jpg,Freightliner FLD112SD Others
auction,"{'cat1_name': 'Trucks', 'cat1_id': 'Trucks', 'cat2_name': '', 'cat2_id': '', 'cat3_name': '', 'cat3_id': ''}",{'desc': ''},https://www.truckscorner.com/auction/trucks-1/41228483/kenworth-t300-nc.html,//d22dk94hfc1k6q.cloudfront.net/none/220-160/337957/41229117/41229117_1617091122_366.jpg,Kenworth T300 
auction,"{'cat1_name': 'Trucks', 'cat1_id': 'Trucks', 'cat2_name': '', 'cat2_id': '', 'cat3_name': '', 'cat3_id': ''}",{'desc': ''},https://www.truckscorner.com/auction/trucks-1/41228356/peterbilt-365-nc.html,//d22dk94hfc1k6q.cloudfront.net/none/220-160/337957/41229117/41229117_1617091122_366.jpg,Peterbilt 365 
auction,"{'cat1_name': 'Trucks', 'cat1_id': 'Trucks', 'cat2_name': '', 'cat2_id': '', 'cat3_name': '', 'cat3_id': ''}",{'desc': ''},https://www.truckscorner.com/auction/trucks-1/41228094/freightliner-fc80-nc.html,//d22dk94hfc1k6q.cloudfront.net/none/220-160/337957/41229117/41229117_1617091122_366.jpg,Freightliner FC80 
auction,"{'cat1_name': 'Trucks', 'cat1_id': 'Trucks', 'cat2_name': '', 'cat2_id': '', 'cat3_name': '', 'cat3_id': ''}",{'desc': ''},https://www.truckscorner.com/auction/trucks-1/41227937/kenworth-w900a-nc.html,//d22dk94hfc1k6q.cloudfront.net/none/220-160/337957/41229117/41229117_1617091122_366.jpg,Kenworth W900A 
auction,"{'cat1_name': 'Trucks', 'cat1_id': 'Trucks', 'cat2_name': '', 'cat2_id': '', 'cat3_name': '', 'cat3_id': ''}",{'desc': ''},https://www.truckscorner.com/auction/trucks-1/41227671/kenworth-t800-autres.html,//d22dk94hfc1k6q.cloudfront.net/none/220-160/337957/41229117/41229117_1617091122_366.jpg,Kenworth T800 Others
auction,"{'cat1_name': 'Trucks', 'cat1_id': 'Trucks', 'cat2_name': '', 'cat2_id': '', 'cat3_name': '', 'cat3_id': ''}",{'desc': ''},https://www.truckscorner.com/auction/trucks-1/41227654/international-4800-autres.html,//d22dk94hfc1k6q.cloudfront.net/none/220-160/337957/41229117/41229117_1617091122_366.jpg,International 4800 Others
auction,"{'cat1_name': 'Trucks', 'cat1_id': 'Trucks', 'cat2_name': '', 'cat2_id': '', 'cat3_name': '', 'cat3_id': ''}",{'desc': ''},https://www.truckscorner.com/auction/trucks-1/41227563/kenworth-t300-autres.html,//d22dk94hfc1k6q.cloudfront.net/none/220-160/337957/41229117/41229117_1617091122_366.jpg,Kenworth T300 Others
auction,"{'cat1_name': 'Trucks', 'cat1_id': 'Trucks', 'cat2_name': '', 'cat2_id': '', 'cat3_name': '', 'cat3_id': ''}",{'desc': ''},https://www.truckscorner.com/auction/trucks-1/41227562/kenworth-t800-nc.html,//d22dk94hfc1k6q.cloudfront.net/none/220-160/337957/41229117/41229117_1617091122_366.jpg,Kenworth T800 
auction,"{'cat1_name': 'Trucks', 'cat1_id': 'Trucks', 'cat2_name': '', 'cat2_id': '', 'cat3_name': '', 'cat3_id': ''}",{'desc': ''},https://www.truckscorner.com/auction/trucks-1/41227561/kenworth-t800-nc.html,//d22dk94hfc1k6q.cloudfront.net/none/220-160/337957/41229117/41229117_1617091122_366.jpg,Kenworth T800 
auction,"{'cat1_name': 'Trucks', 'cat1_id': 'Trucks', 'cat2_name': '', 'cat2_id': '', 'cat3_name': '', 'cat3_id': ''}",{'desc': ''},https://www.truckscorner.com/auction/trucks-1/41227464/peterbilt-385-autres.html,//d22dk94hfc1k6q.cloudfront.net/none/220-160/337957/41229117/41229117_1617091122_366.jpg,Peterbilt 385 Others
auction,"{'cat1_name': 'Trucks', 'cat1_id': 'Trucks', 'cat2_name': '', 'cat2_id': '', 'cat3_name': '', 'cat3_id': ''}",{'desc': ''},https://www.truckscorner.com/auction/trucks-1/41227208/international-4200sba-nc.html,//d22dk94hfc1k6q.cloudfront.net/none/220-160/337957/41229117/41229117_1617091122_366.jpg,International 4200SBA 
auction,"{'cat1_name': 'Trucks', 'cat1_id': 'Trucks', 'cat2_name': '', 'cat2_id': '', 'cat3_name': '', 'cat3_id': ''}",{'desc': ''},https://www.truckscorner.com/auction/trucks-1/41227207/peterbilt-386-autres.html,//d22dk94hfc1k6q.cloudfront.net/none/220-160/337957/41229117/41229117_1617091122_366.jpg,Peterbilt 386 Others
auction,"{'cat1_name': 'Trucks', 'cat1_id': 'Trucks', 'cat2_name': '', 'cat2_id': '', 'cat3_name': '', 'cat3_id': ''}",{'desc': ''},https://www.truckscorner.com/auction/trucks-1/41227053/international-f2674-nc.html,//d22dk94hfc1k6q.cloudfront.net/none/220-160/337957/41229117/41229117_1617091122_366.jpg,International F2674 
auction,"{'cat1_name': 'Trucks', 'cat1_id': 'Trucks', 'cat2_name': '', 'cat2_id': '', 'cat3_name': '', 'cat3_id': ''}",{'desc': ''},https://www.truckscorner.com/auction/trucks-1/41227052/ford-f750-nc.html,//d22dk94hfc1k6q.cloudfront.net/none/220-160/337957/41229117/41229117_1617091122_366.jpg,Ford F750 
auction,"{'cat1_name': 'Trucks', 'cat1_id': 'Trucks', 'cat2_name': '', 'cat2_id': '', 'cat3_name': '', 'cat3_id': ''}",{'desc': ''},https://www.truckscorner.com/auction/trucks-1/41227051/chevrolet-c3500-nc.html,//d22dk94hfc1k6q.cloudfront.net/none/220-160/337957/41229117/41229117_1617091122_366.jpg,Chevrolet C3500 
auction,"{'cat1_name': 'Trucks', 'cat1_id': 'Trucks', 'cat2_name': '', 'cat2_id': '', 'cat3_name': '', 'cat3_id': ''}",{'desc': ''},https://www.truckscorner.com/auction/trucks-1/41227005/international-9200-autres.html,//d22dk94hfc1k6q.cloudfront.net/none/220-160/337957/41229117/41229117_1617091122_366.jpg,International 9200 Others
auction,"{'cat1_name': 'Trucks', 'cat1_id': 'Trucks', 'cat2_name': '', 'cat2_id': '', 'cat3_name': '', 'cat3_id': ''}",{'desc': ''},https://www.truckscorner.com/auction/trucks-1/41227000/gmc-w4500-nc.html,//d22dk94hfc1k6q.cloudfront.net/none/220-160/337957/41229117/41229117_1617091122_366.jpg,GMC W4500 
auction,"{'cat1_name': 'Trucks', 'cat1_id': 'Trucks', 'cat2_name': '', 'cat2_id': '', 'cat3_name': '', 'cat3_id': ''}",{'desc': ''},https://www.truckscorner.com/auction/trucks-1/41226999/isuzu-nprhd-nc.html,//d22dk94hfc1k6q.cloudfront.net/none/220-160/337957/41229117/41229117_1617091122_366.jpg,Isuzu NPRHD 
auction,"{'cat1_name': 'Trucks', 'cat1_id': 'Trucks', 'cat2_name': '', 'cat2_id': '', 'cat3_name': '', 'cat3_id': ''}",{'desc': ''},https://www.truckscorner.com/auction/trucks-1/41226901/sterling-m7500-acterra-nc.html,//d22dk94hfc1k6q.cloudfront.net/none/220-160/337957/41229117/41229117_1617091122_366.jpg,Sterling M7500 ACTERRA 
auction,"{'cat1_name': 'Trucks', 'cat1_id': 'Trucks', 'cat2_name': '', 'cat2_id': '', 'cat3_name': '', 'cat3_id': ''}",{'desc': ''},https://www.truckscorner.com/auction/trucks-1/41226553/ford-lt9000-nc.html,//d22dk94hfc1k6q.cloudfront.net/none/220-160/337957/41229117/41229117_1617091122_366.jpg,Ford LT9000 
auction,"{'cat1_name': 'Trucks', 'cat1_id': 'Trucks', 'cat2_name': '', 'cat2_id': '', 'cat3_name': '', 'cat3_id': ''}",{'desc': ''},https://www.truckscorner.com/auction/trucks-1/41226533/freightliner-m2106-nc.html,//d22dk94hfc1k6q.cloudfront.net/none/220-160/337957/41229117/41229117_1617091122_366.jpg,Freightliner M2106 
auction,"{'cat1_name': 'Trucks', 'cat1_id': 'Trucks', 'cat2_name': '', 'cat2_id': '', 'cat3_name': '', 'cat3_id': ''}",{'desc': ''},https://www.truckscorner.com/auction/trucks-1/41226532/freightliner-m2106-nc.html,//d22dk94hfc1k6q.cloudfront.net/none/220-160/337957/41229117/41229117_1617091122_366.jpg,Freightliner M2106 
auction,"{'cat1_name': 'Trucks', 'cat1_id': 'Trucks', 'cat2_name': '', 'cat2_id': '', 'cat3_name': '', 'cat3_id': ''}",{'desc': ''},https://www.truckscorner.com/auction/trucks-1/41226521/international-1754-s-a-nc.html,//d22dk94hfc1k6q.cloudfront.net/none/220-160/337957/41229117/41229117_1617091122_366.jpg,International 1754 S/A 
auction,"{'cat1_name': 'Trucks', 'cat1_id': 'Trucks', 'cat2_name': '', 'cat2_id': '', 'cat3_name': '', 'cat3_id': ''}",{'desc': ''},https://www.truckscorner.com/auction/trucks-1/41226413/dodge-5500hd-ram-crew-cab-4x4-nc.html,//d22dk94hfc1k6q.cloudfront.net/none/220-160/337957/41229117/41229117_1617091122_366.jpg,Dodge 5500HD Ram Crew Cab 4x4 
auction,"{'cat1_name': 'Trucks', 'cat1_id': 'Trucks', 'cat2_name': '', 'cat2_id': '', 'cat3_name': '', 'cat3_id': ''}",{'desc': ''},https://www.truckscorner.com/auction/trucks-1/41226110/international-7400sba-nc.html,//d22dk94hfc1k6q.cloudfront.net/none/220-160/337957/41229117/41229117_1617091122_366.jpg,International 7400SBA 
auction,"{'cat1_name': 'Trucks', 'cat1_id': 'Trucks', 'cat2_name': '', 'cat2_id': '', 'cat3_name': '', 'cat3_id': ''}",{'desc': ''},https://www.truckscorner.com/auction/trucks-1/41226109/kenworth-t300-nc.html,//d22dk94hfc1k6q.cloudfront.net/none/220-160/337957/41229117/41229117_1617091122_366.jpg,Kenworth T300 
auction,"{'cat1_name': 'Trucks', 'cat1_id': 'Trucks', 'cat2_name': '', 'cat2_id': '', 'cat3_name': '', 'cat3_id': ''}",{'desc': ''},https://www.truckscorner.com/auction/trucks-1/41226087/international-4300sba-nc.html,//d22dk94hfc1k6q.cloudfront.net/none/220-160/337957/41229117/41229117_1617091122_366.jpg,International 4300SBA 
auction,"{'cat1_name': 'Trucks', 'cat1_id': 'Trucks', 'cat2_name': '', 'cat2_id': '', 'cat3_name': '', 'cat3_id': ''}",{'desc': ''},https://www.truckscorner.com/auction/trucks-1/41226064/kenworth-t300-nc.html,//d22dk94hfc1k6q.cloudfront.net/none/220-160/337957/41229117/41229117_1617091122_366.jpg,Kenworth T300 
auction,"{'cat1_name': 'Trucks', 'cat1_id': 'Trucks', 'cat2_name': '', 'cat2_id': '', 'cat3_name': '', 'cat3_id': ''}",{'desc': ''},https://www.truckscorner.com/auction/trucks-1/41225719/ford-f550-autres.html,//d22dk94hfc1k6q.cloudfront.net/none/220-160/337957/41229117/41229117_1617091122_366.jpg,Ford F550 Others
auction,"{'cat1_name': 'Trucks', 'cat1_id': 'Trucks', 'cat2_name': '', 'cat2_id': '', 'cat3_name': '', 'cat3_id': ''}",{'desc': ''},https://www.truckscorner.com/auction/trucks-1/41225604/kenworth-t400a-nc.html,//d22dk94hfc1k6q.cloudfront.net/none/220-160/337957/41229117/41229117_1617091122_366.jpg,Kenworth T400A 
auction,"{'cat1_name': 'Trucks', 'cat1_id': 'Trucks', 'cat2_name': '', 'cat2_id': '', 'cat3_name': '', 'cat3_id': ''}",{'desc': ''},https://www.truckscorner.com/auction/trucks-1/41225464/freightliner-fc80-nc.html,//d22dk94hfc1k6q.cloudfront.net/none/220-160/337957/41229117/41229117_1617091122_366.jpg,Freightliner FC80 
auction,"{'cat1_name': 'Trucks', 'cat1_id': 'Trucks', 'cat2_name': '', 'cat2_id': '', 'cat3_name': '', 'cat3_id': ''}",{'desc': ''},https://www.truckscorner.com/auction/trucks-1/41225460/gmc-c5500-nc.html,//d22dk94hfc1k6q.cloudfront.net/none/220-160/337957/41229117/41229117_1617091122_366.jpg,GMC C5500 
auction,"{'cat1_name': 'Trucks', 'cat1_id': 'Trucks', 'cat2_name': '', 'cat2_id': '', 'cat3_name': '', 'cat3_id': ''}",{'desc': ''},https://www.truckscorner.com/auction/trucks-1/41225457/peterbilt-377-nc.html,//d22dk94hfc1k6q.cloudfront.net/none/220-160/337957/41229117/41229117_1617091122_366.jpg,Peterbilt 377 
auction,"{'cat1_name': 'Trucks', 'cat1_id': 'Trucks', 'cat2_name': '', 'cat2_id': '', 'cat3_name': '', 'cat3_id': ''}",{'desc': ''},https://www.truckscorner.com/auction/trucks-1/41225452/ford-f800-nc.html,//d22dk94hfc1k6q.cloudfront.net/none/220-160/337957/41225452/41225452_1617083652_975.jpg,Ford F800 
auction,"{'cat1_name': 'Trucks', 'cat1_id': 'Trucks', 'cat2_name': '', 'cat2_id': '', 'cat3_name': '', 'cat3_id': ''}",{'desc': ''},https://www.truckscorner.com/auction/trucks-1/41225447/ford-ln700-nc.html,//d22dk94hfc1k6q.cloudfront.net/none/220-160/337957/41225452/41225452_1617083652_975.jpg,Ford LN700 
auction,"{'cat1_name': 'Trucks', 'cat1_id': 'Trucks', 'cat2_name': '', 'cat2_id': '', 'cat3_name': '', 'cat3_id': ''}",{'desc': ''},https://www.truckscorner.com/auction/trucks-1/41225437/ford-f650-xl-nc.html,//d22dk94hfc1k6q.cloudfront.net/none/220-160/337957/41225452/41225452_1617083652_975.jpg,Ford F650 XL 
auction,"{'cat1_name': 'Trucks', 'cat1_id': 'Trucks', 'cat2_name': '', 'cat2_id': '', 'cat3_name': '', 'cat3_id': ''}",{'desc': ''},https://www.truckscorner.com/auction/trucks-1/41225040/kenworth-t600-nc.html,//d22dk94hfc1k6q.cloudfront.net/none/220-160/337957/41225452/41225452_1617083652_975.jpg,Kenworth T600 
auction,"{'cat1_name': 'Trucks', 'cat1_id': 'Trucks', 'cat2_name': '', 'cat2_id': '', 'cat3_name': '', 'cat3_id': ''}",{'desc': ''},https://www.truckscorner.com/auction/trucks-1/41224093/ford-lcf-autres.html,//d22dk94hfc1k6q.cloudfront.net/none/220-160/337957/41225452/41225452_1617083652_975.jpg,Ford LCF Others
auction,"{'cat1_name': 'Trucks', 'cat1_id': 'Trucks', 'cat2_name': '', 'cat2_id': '', 'cat3_name': '', 'cat3_id': ''}",{'desc': ''},https://www.truckscorner.com/auction/trucks-1/41223989/international-4700-nc.html,//d22dk94hfc1k6q.cloudfront.net/none/220-160/337957/41225452/41225452_1617083652_975.jpg,International 4700 
auction,"{'cat1_name': 'Trucks', 'cat1_id': 'Trucks', 'cat2_name': '', 'cat2_id': '', 'cat3_name': '', 'cat3_id': ''}",{'desc': ''},https://www.truckscorner.com/auction/trucks-1/41223973/ford-f450-autres.html,//d22dk94hfc1k6q.cloudfront.net/none/220-160/337957/41225452/41225452_1617083652_975.jpg,Ford F450 Others
auction,"{'cat1_name': 'Trucks', 'cat1_id': 'Trucks', 'cat2_name': '', 'cat2_id': '', 'cat3_name': '', 'cat3_id': ''}",{'desc': ''},https://www.truckscorner.com/auction/trucks-1/41223944/gmc-c6500-nc.html,//d22dk94hfc1k6q.cloudfront.net/none/220-160/337957/41225452/41225452_1617083652_975.jpg,GMC C6500 
auction,"{'cat1_name': 'Trucks', 'cat1_id': 'Trucks', 'cat2_name': '', 'cat2_id': '', 'cat3_name': '', 'cat3_id': ''}",{'desc': ''},https://www.truckscorner.com/auction/trucks-1/41223941/ford-f650-nc.html,//d22dk94hfc1k6q.cloudfront.net/none/220-160/337957/41225452/41225452_1617083652_975.jpg,Ford F650 
auction,"{'cat1_name': 'Trucks', 'cat1_id': 'Trucks', 'cat2_name': '', 'cat2_id': '', 'cat3_name': '', 'cat3_id': ''}",{'desc': ''},https://www.truckscorner.com/auction/trucks-1/41223939/freightliner-m2106-nc.html,//d22dk94hfc1k6q.cloudfront.net/none/220-160/337957/41225452/41225452_1617083652_975.jpg,Freightliner M2106 
auction,"{'cat1_name': 'Trucks', 'cat1_id': 'Trucks', 'cat2_name': '', 'cat2_id': '', 'cat3_name': '', 'cat3_id': ''}",{'desc': ''},https://www.truckscorner.com/auction/trucks-1/41223907/gmc-c5500-autres.html,//d22dk94hfc1k6q.cloudfront.net/none/220-160/337957/41225452/41225452_1617083652_975.jpg,GMC C5500 Others
auction,"{'cat1_name': 'Trucks', 'cat1_id': 'Trucks', 'cat2_name': '', 'cat2_id': '', 'cat3_name': '', 'cat3_id': ''}",{'desc': ''},https://www.truckscorner.com/auction/trucks-1/41223793/ford-f650-nc.html,//d22dk94hfc1k6q.cloudfront.net/none/220-160/337957/41225452/41225452_1617083652_975.jpg,Ford F650 
auction,"{'cat1_name': 'Trucks', 'cat1_id': 'Trucks', 'cat2_name': '', 'cat2_id': '', 'cat3_name': '', 'cat3_id': ''}",{'desc': ''},https://www.truckscorner.com/auction/trucks-1/41223792/ford-f650-xlt-s-a-nc.html,//d22dk94hfc1k6q.cloudfront.net/none/220-160/337957/41225452/41225452_1617083652_975.jpg,Ford F650 XLT S/A 
auction,"{'cat1_name': 'Trucks', 'cat1_id': 'Trucks', 'cat2_name': '', 'cat2_id': '', 'cat3_name': '', 'cat3_id': ''}",{'desc': ''},https://www.truckscorner.com/auction/trucks-1/41223787/gmc-c5500-autres.html,//d22dk94hfc1k6q.cloudfront.net/none/220-160/337957/41225452/41225452_1617083652_975.jpg,GMC C5500 Others
auction,"{'cat1_name': 'Trucks', 'cat1_id': 'Trucks', 'cat2_name': '', 'cat2_id': '', 'cat3_name': '', 'cat3_id': ''}",{'desc': ''},https://www.truckscorner.com/auction/trucks-1/41223786/international-4300sba-nc.html,//d22dk94hfc1k6q.cloudfront.net/none/220-160/337957/41225452/41225452_1617083652_975.jpg,International 4300SBA 
auction,"{'cat1_name': 'Trucks', 'cat1_id': 'Trucks', 'cat2_name': '', 'cat2_id': '', 'cat3_name': '', 'cat3_id': ''}",{'desc': ''},https://www.truckscorner.com/auction/trucks-1/41223782/peterbilt-379-autres.html,//d22dk94hfc1k6q.cloudfront.net/none/220-160/337957/41225452/41225452_1617083652_975.jpg,Peterbilt 379 Others
auction,"{'cat1_name': 'Trucks', 'cat1_id': 'Trucks', 'cat2_name': '', 'cat2_id': '', 'cat3_name': '', 'cat3_id': ''}",{'desc': ''},https://www.truckscorner.com/auction/trucks-1/41223489/kenworth-t880-nc.html,//d22dk94hfc1k6q.cloudfront.net/none/220-160/337957/41225452/41225452_1617083652_975.jpg,Kenworth T880 
auction,"{'cat1_name': 'Trucks', 'cat1_id': 'Trucks', 'cat2_name': '', 'cat2_id': '', 'cat3_name': '', 'cat3_id': ''}",{'desc': ''},https://www.truckscorner.com/auction/trucks-1/41223486/kenworth-t880-nc.html,//d22dk94hfc1k6q.cloudfront.net/none/220-160/337957/41225452/41225452_1617083652_975.jpg,Kenworth T880 
auction,"{'cat1_name': 'Trucks', 'cat1_id': 'Trucks', 'cat2_name': '', 'cat2_id': '', 'cat3_name': '', 'cat3_id': ''}",{'desc': ''},https://www.truckscorner.com/auction/trucks-1/41222662/freightliner-fl80-crew-cab-s-a-nc.html,//d22dk94hfc1k6q.cloudfront.net/none/220-160/337957/41225452/41225452_1617083652_975.jpg,Freightliner FL80 Crew Cab S/A 
auction,"{'cat1_name': 'Trucks', 'cat1_id': 'Trucks', 'cat2_name': '', 'cat2_id': '', 'cat3_name': '', 'cat3_id': ''}",{'desc': ''},https://www.truckscorner.com/auction/trucks-1/41222176/freightliner-m2106-nc.html,//d22dk94hfc1k6q.cloudfront.net/none/220-160/337957/41225452/41225452_1617083652_975.jpg,Freightliner M2106 
auction,"{'cat1_name': 'Trucks', 'cat1_id': 'Trucks', 'cat2_name': '', 'cat2_id': '', 'cat3_name': '', 'cat3_id': ''}",{'desc': ''},https://www.truckscorner.com/auction/trucks-1/41222160/peterbilt-348-nc.html,//d22dk94hfc1k6q.cloudfront.net/none/220-160/337957/41225452/41225452_1617083652_975.jpg,Peterbilt 348 
auction,"{'cat1_name': 'Trucks', 'cat1_id': 'Trucks', 'cat2_name': '', 'cat2_id': '', 'cat3_name': '', 'cat3_id': ''}",{'desc': ''},https://www.truckscorner.com/auction/trucks-1/41222126/international-4300sba-s-a-nc.html,//d22dk94hfc1k6q.cloudfront.net/none/220-160/337957/41225452/41225452_1617083652_975.jpg,International 4300SBA S/A 
auction,"{'cat1_name': 'Trucks', 'cat1_id': 'Trucks', 'cat2_name': '', 'cat2_id': '', 'cat3_name': '', 'cat3_id': ''}",{'desc': ''},https://www.truckscorner.com/auction/trucks-1/41222106/freightliner-m2106-nc.html,//d22dk94hfc1k6q.cloudfront.net/none/220-160/337957/41225452/41225452_1617083652_975.jpg,Freightliner M2106 
auction,"{'cat1_name': 'Trucks', 'cat1_id': 'Trucks', 'cat2_name': '', 'cat2_id': '', 'cat3_name': '', 'cat3_id': ''}",{'desc': ''},https://www.truckscorner.com/auction/trucks-1/41222103/freightliner-m2106-nc.html,//d22dk94hfc1k6q.cloudfront.net/none/220-160/337957/41225452/41225452_1617083652_975.jpg,Freightliner M2106 
auction,"{'cat1_name': 'Trucks', 'cat1_id': 'Trucks', 'cat2_name': '', 'cat2_id': '', 'cat3_name': '', 'cat3_id': ''}",{'desc': ''},https://www.truckscorner.com/auction/trucks-1/41221752/freightliner-fl80-nc.html,//d22dk94hfc1k6q.cloudfront.net/none/220-160/337957/41225452/41225452_1617083652_975.jpg,Freightliner FL80 
auction,"{'cat1_name': 'Trucks', 'cat1_id': 'Trucks', 'cat2_name': '', 'cat2_id': '', 'cat3_name': '', 'cat3_id': ''}",{'desc': ''},https://www.truckscorner.com/auction/trucks-1/41221747/international-4300-autres.html,//d22dk94hfc1k6q.cloudfront.net/none/220-160/337957/41225452/41225452_1617083652_975.jpg,International 4300 Others
auction,"{'cat1_name': 'Trucks', 'cat1_id': 'Trucks', 'cat2_name': '', 'cat2_id': '', 'cat3_name': '', 'cat3_id': ''}",{'desc': ''},https://www.truckscorner.com/auction/trucks-1/41221746/ford-l9000-autres.html,//d22dk94hfc1k6q.cloudfront.net/none/220-160/337957/41225452/41225452_1617083652_975.jpg,Ford L9000 Others
auction,"{'cat1_name': 'Trucks', 'cat1_id': 'Trucks', 'cat2_name': '', 'cat2_id': '', 'cat3_name': '', 'cat3_id': ''}",{'desc': ''},https://www.truckscorner.com/auction/trucks-1/41221745/ford-f450-autres.html,//d22dk94hfc1k6q.cloudfront.net/none/220-160/337957/41225452/41225452_1617083652_975.jpg,Ford F450 Others
auction,"{'cat1_name': 'Trucks', 'cat1_id': 'Trucks', 'cat2_name': '', 'cat2_id': '', 'cat3_name': '', 'cat3_id': ''}",{'desc': ''},https://www.truckscorner.com/auction/trucks-1/41221688/ford-f750-nc.html,//d22dk94hfc1k6q.cloudfront.net/none/220-160/337957/41225452/41225452_1617083652_975.jpg,Ford F750 
auction,"{'cat1_name': 'Trucks', 'cat1_id': 'Trucks', 'cat2_name': '', 'cat2_id': '', 'cat3_name': '', 'cat3_id': ''}",{'desc': ''},https://www.truckscorner.com/auction/trucks-1/41221678/peterbilt-379-autres.html,//d22dk94hfc1k6q.cloudfront.net/none/220-160/337957/41225452/41225452_1617083652_975.jpg,Peterbilt 379 Others
auction,"{'cat1_name': 'Trucks', 'cat1_id': 'Trucks', 'cat2_name': '', 'cat2_id': '', 'cat3_name': '', 'cat3_id': ''}",{'desc': ''},https://www.truckscorner.com/auction/trucks-1/41221558/freightliner-fl70-nc.html,//d22dk94hfc1k6q.cloudfront.net/none/220-160/337957/41225452/41225452_1617083652_975.jpg,Freightliner FL70 
auction,"{'cat1_name': 'Trucks', 'cat1_id': 'Trucks', 'cat2_name': '', 'cat2_id': '', 'cat3_name': '', 'cat3_id': ''}",{'desc': ''},https://www.truckscorner.com/auction/trucks-1/41221434/ford-f650-nc.html,//d22dk94hfc1k6q.cloudfront.net/none/220-160/337957/41225452/41225452_1617083652_975.jpg,Ford F650 
auction,"{'cat1_name': 'Trucks', 'cat1_id': 'Trucks', 'cat2_name': '', 'cat2_id': '', 'cat3_name': '', 'cat3_id': ''}",{'desc': ''},https://www.truckscorner.com/auction/trucks-1/41221377/isuzu-npc7sf-autres.html,//d22dk94hfc1k6q.cloudfront.net/none/220-160/337957/41225452/41225452_1617083652_975.jpg,Isuzu NPC7SF Others
auction,"{'cat1_name': 'Trucks', 'cat1_id': 'Trucks', 'cat2_name': '', 'cat2_id': '', 'cat3_name': '', 'cat3_id': ''}",{'desc': ''},https://www.truckscorner.com/auction/trucks-1/41221376/ford-f550-autres.html,//d22dk94hfc1k6q.cloudfront.net/none/220-160/337957/41225452/41225452_1617083652_975.jpg,Ford F550 Others
auction,"{'cat1_name': 'Trucks', 'cat1_id': 'Trucks', 'cat2_name': '', 'cat2_id': '', 'cat3_name': '', 'cat3_id': ''}",{'desc': ''},https://www.truckscorner.com/auction/trucks-1/41221309/international-4300sba-nc.html,//d22dk94hfc1k6q.cloudfront.net/none/220-160/337957/41225452/41225452_1617083652_975.jpg,International 4300SBA 
auction,"{'cat1_name': 'Trucks', 'cat1_id': 'Trucks', 'cat2_name': '', 'cat2_id': '', 'cat3_name': '', 'cat3_id': ''}",{'desc': ''},https://www.truckscorner.com/auction/trucks-1/41221295/international-2674-nc.html,//d22dk94hfc1k6q.cloudfront.net/none/220-160/337957/41225452/41225452_1617083652_975.jpg,International 2674 
auction,"{'cat1_name': 'Trucks', 'cat1_id': 'Trucks', 'cat2_name': '', 'cat2_id': '', 'cat3_name': '', 'cat3_id': ''}",{'desc': ''},https://www.truckscorner.com/auction/trucks-1/41221294/gmc-c7500-nc.html,//d22dk94hfc1k6q.cloudfront.net/none/220-160/337957/41225452/41225452_1617083652_975.jpg,GMC C7500 
auction,"{'cat1_name': 'Trucks', 'cat1_id': 'Trucks', 'cat2_name': '', 'cat2_id': '', 'cat3_name': '', 'cat3_id': ''}",{'desc': ''},https://www.truckscorner.com/auction/trucks-1/41221290/freightliner-m2106-nc.html,//d22dk94hfc1k6q.cloudfront.net/none/220-160/337957/41225452/41225452_1617083652_975.jpg,Freightliner M2106 
auction,"{'cat1_name': 'Trucks', 'cat1_id': 'Trucks', 'cat2_name': '', 'cat2_id': '', 'cat3_name': '', 'cat3_id': ''}",{'desc': ''},https://www.truckscorner.com/auction/trucks-1/41221289/ford-f650-xl-nc.html,//d22dk94hfc1k6q.cloudfront.net/none/220-160/337957/41225452/41225452_1617083652_975.jpg,Ford F650 XL 
auction,"{'cat1_name': 'Trucks', 'cat1_id': 'Trucks', 'cat2_name': '', 'cat2_id': '', 'cat3_name': '', 'cat3_id': ''}",{'desc': ''},https://www.truckscorner.com/auction/trucks-1/41221288/international-4700-s-a-nc.html,//d22dk94hfc1k6q.cloudfront.net/none/220-160/337957/41225452/41225452_1617083652_975.jpg,International 4700 S/A 
auction,"{'cat1_name': 'Trucks', 'cat1_id': 'Trucks', 'cat2_name': '', 'cat2_id': '', 'cat3_name': '', 'cat3_id': ''}",{'desc': ''},https://www.truckscorner.com/auction/trucks-1/41221285/peterbilt-378-nc.html,//d22dk94hfc1k6q.cloudfront.net/none/220-160/337957/41225452/41225452_1617083652_975.jpg,Peterbilt 378 
auction,"{'cat1_name': 'Trucks', 'cat1_id': 'Trucks', 'cat2_name': '', 'cat2_id': '', 'cat3_name': '', 'cat3_id': ''}",{'desc': ''},https://www.truckscorner.com/auction/trucks-1/41221282/gmc-top-kick-s-a-nc.html,//d22dk94hfc1k6q.cloudfront.net/none/220-160/337957/41225452/41225452_1617083652_975.jpg,GMC TOP KICK S/A 
auction,"{'cat1_name': 'Trucks', 'cat1_id': 'Trucks', 'cat2_name': '', 'cat2_id': '', 'cat3_name': '', 'cat3_id': ''}",{'desc': ''},https://www.truckscorner.com/auction/trucks-1/41221281/ford-l9000-nc.html,//d22dk94hfc1k6q.cloudfront.net/none/220-160/337957/41225452/41225452_1617083652_975.jpg,Ford L9000 
auction,"{'cat1_name': 'Trucks', 'cat1_id': 'Trucks', 'cat2_name': '', 'cat2_id': '', 'cat3_name': '', 'cat3_id': ''}",{'desc': ''},https://www.truckscorner.com/auction/trucks-1/41221263/sterling-l7500-actera-nc.html,//d22dk94hfc1k6q.cloudfront.net/none/220-160/337957/41225452/41225452_1617083652_975.jpg,Sterling L7500 ACTERA 
auction,"{'cat1_name': 'Trucks', 'cat1_id': 'Trucks', 'cat2_name': '', 'cat2_id': '', 'cat3_name': '', 'cat3_id': ''}",{'desc': ''},https://www.truckscorner.com/auction/trucks-1/41221262/international-4300sba-nc.html,//d22dk94hfc1k6q.cloudfront.net/none/220-160/337957/41225452/41225452_1617083652_975.jpg,International 4300SBA 
auction,"{'cat1_name': 'Trucks', 'cat1_id': 'Trucks', 'cat2_name': '', 'cat2_id': '', 'cat3_name': '', 'cat3_id': ''}",{'desc': ''},https://www.truckscorner.com/auction/trucks-1/41221261/ford-f800-nc.html,//d22dk94hfc1k6q.cloudfront.net/none/220-160/337957/41225452/41225452_1617083652_975.jpg,Ford F800 
auction,"{'cat1_name': 'Trucks', 'cat1_id': 'Trucks', 'cat2_name': '', 'cat2_id': '', 'cat3_name': '', 'cat3_id': ''}",{'desc': ''},https://www.truckscorner.com/auction/trucks-1/41221260/ford-f450-nc.html,//d22dk94hfc1k6q.cloudfront.net/none/220-160/337957/41225452/41225452_1617083652_975.jpg,Ford F450 
auction,"{'cat1_name': 'Trucks', 'cat1_id': 'Trucks', 'cat2_name': '', 'cat2_id': '', 'cat3_name': '', 'cat3_id': ''}",{'desc': ''},https://www.truckscorner.com/auction/trucks-1/41221196/peterbilt-351m-autres.html,//d22dk94hfc1k6q.cloudfront.net/none/220-160/337957/41225452/41225452_1617083652_975.jpg,Peterbilt 351M Others
auction,"{'cat1_name': 'Trucks', 'cat1_id': 'Trucks', 'cat2_name': '', 'cat2_id': '', 'cat3_name': '', 'cat3_id': ''}",{'desc': ''},https://www.truckscorner.com/auction/trucks-1/41221135/freightliner-m2106-nc.html,//d22dk94hfc1k6q.cloudfront.net/none/220-160/337957/41225452/41225452_1617083652_975.jpg,Freightliner M2106 
auction,"{'cat1_name': 'Trucks', 'cat1_id': 'Trucks', 'cat2_name': '', 'cat2_id': '', 'cat3_name': '', 'cat3_id': ''}",{'desc': ''},https://www.truckscorner.com/auction/trucks-1/41221134/freightliner-m2106-nc.html,//d22dk94hfc1k6q.cloudfront.net/none/220-160/337957/41225452/41225452_1617083652_975.jpg,Freightliner M2106 
auction,"{'cat1_name': 'Trucks', 'cat1_id': 'Trucks', 'cat2_name': '', 'cat2_id': '', 'cat3_name': '', 'cat3_id': ''}",{'desc': ''},https://www.truckscorner.com/auction/trucks-1/41221133/freightliner-m2106-nc.html,//d22dk94hfc1k6q.cloudfront.net/none/220-160/337957/41221133/41221133_1617075075_679.jpg,Freightliner M2106 
auction,"{'cat1_name': 'Trucks', 'cat1_id': 'Trucks', 'cat2_name': '', 'cat2_id': '', 'cat3_name': '', 'cat3_id': ''}",{'desc': ''},https://www.truckscorner.com/auction/trucks-1/41221132/freightliner-m2106-nc.html,//d22dk94hfc1k6q.cloudfront.net/none/220-160/337957/41221133/41221133_1617075075_679.jpg,Freightliner M2106 
auction,"{'cat1_name': 'Trucks', 'cat1_id': 'Trucks', 'cat2_name': '', 'cat2_id': '', 'cat3_name': '', 'cat3_id': ''}",{'desc': ''},https://www.truckscorner.com/auction/trucks-1/41221131/freightliner-m2106-nc.html,//d22dk94hfc1k6q.cloudfront.net/none/220-160/337957/41221133/41221133_1617075075_679.jpg,Freightliner M2106 
auction,"{'cat1_name': 'Trucks', 'cat1_id': 'Trucks', 'cat2_name': '', 'cat2_id': '', 'cat3_name': '', 'cat3_id': ''}",{'desc': ''},https://www.truckscorner.com/auction/trucks-1/41221130/freightliner-m2106-nc.html,//d22dk94hfc1k6q.cloudfront.net/none/220-160/337957/41221133/41221133_1617075075_679.jpg,Freightliner M2106 
auction,"{'cat1_name': 'Trucks', 'cat1_id': 'Trucks', 'cat2_name': '', 'cat2_id': '', 'cat3_name': '', 'cat3_id': ''}",{'desc': ''},https://www.truckscorner.com/auction/trucks-1/41221129/freightliner-m2106-nc.html,//d22dk94hfc1k6q.cloudfront.net/none/220-160/337957/41221133/41221133_1617075075_679.jpg,Freightliner M2106 
auction,"{'cat1_name': 'Trucks', 'cat1_id': 'Trucks', 'cat2_name': '', 'cat2_id': '', 'cat3_name': '', 'cat3_id': ''}",{'desc': ''},https://www.truckscorner.com/auction/trucks-1/41221114/international-f2575-nc.html,//d22dk94hfc1k6q.cloudfront.net/none/220-160/337957/41221133/41221133_1617075075_679.jpg,International F2575 
auction,"{'cat1_name': 'Trucks', 'cat1_id': 'Trucks', 'cat2_name': '', 'cat2_id': '', 'cat3_name': '', 'cat3_id': ''}",{'desc': ''},https://www.truckscorner.com/auction/trucks-1/41221113/peterbilt-335-t-a-nc.html,//d22dk94hfc1k6q.cloudfront.net/none/220-160/337957/41221133/41221133_1617075075_679.jpg,Peterbilt 335 T/A 
auction,"{'cat1_name': 'Trucks', 'cat1_id': 'Trucks', 'cat2_name': '', 'cat2_id': '', 'cat3_name': '', 'cat3_id': ''}",{'desc': ''},https://www.truckscorner.com/auction/trucks-1/41221105/ford-f650-autres.html,//d22dk94hfc1k6q.cloudfront.net/none/220-160/337957/41221133/41221133_1617075075_679.jpg,Ford F650 Others
auction,"{'cat1_name': 'Trucks', 'cat1_id': 'Trucks', 'cat2_name': '', 'cat2_id': '', 'cat3_name': '', 'cat3_id': ''}",{'desc': ''},https://www.truckscorner.com/auction/trucks-1/41220853/ford-f550-nc.html,//d22dk94hfc1k6q.cloudfront.net/none/220-160/337957/41221133/41221133_1617075075_679.jpg,Ford F550 
sale,"{'cat1_name': 'Trucks', 'cat1_id': 'Trucks', 'cat2_name': '', 'cat2_id': '', 'cat3_name': '', 'cat3_id': ''}",{'desc': ''},https://www.truckscorner.com/used/trucks-1/41217105/international-9200-6x4.html,//d22dk94hfc1k6q.cloudfront.net/none/220-160/337957/41221133/41221133_1617075075_679.jpg,International 9200 6x4
sale,"{'cat1_name': 'Trucks', 'cat1_id': 'Trucks', 'cat2_name': '', 'cat2_id': '', 'cat3_name': '', 'cat3_id': ''}",{'desc': ''},https://www.truckscorner.com/used/trucks-1/41217106/international-9200-6x4.html,//d22dk94hfc1k6q.cloudfront.net/none/220-160/337957/41221133/41221133_1617075075_679.jpg,International 9200 6x4
sale,"{'cat1_name': 'Trucks', 'cat1_id': 'Trucks', 'cat2_name': '', 'cat2_id': '', 'cat3_name': '', 'cat3_id': ''}",{'desc': ''},https://www.truckscorner.com/used/trucks-1/41213842/peterbilt-384-6x4.html,//d22dk94hfc1k6q.cloudfront.net/none/220-160/337957/41221133/41221133_1617075075_679.jpg,Peterbilt 384 6x4
sale,"{'cat1_name': 'Trucks', 'cat1_id': 'Trucks', 'cat2_name': '', 'cat2_id': '', 'cat3_name': '', 'cat3_id': ''}",{'desc': ''},https://www.truckscorner.com/new/trucks-1/41212307/isuzu-nrr-nc.html,//d22dk94hfc1k6q.cloudfront.net/none/220-160/337957/41221133/41221133_1617075075_679.jpg,Isuzu NRR 
sale,"{'cat1_name': 'Trucks', 'cat1_id': 'Trucks', 'cat2_name': '', 'cat2_id': '', 'cat3_name': '', 'cat3_id': ''}",{'desc': ''},https://www.truckscorner.com/used/trucks-1/41212324/kenworth-t370-nc.html,//d22dk94hfc1k6q.cloudfront.net/none/220-160/337957/41221133/41221133_1617075075_679.jpg,Kenworth T370 
sale,"{'cat1_name': 'Trucks', 'cat1_id': 'Trucks', 'cat2_name': '', 'cat2_id': '', 'cat3_name': '', 'cat3_id': ''}",{'desc': ''},https://www.truckscorner.com/used/trucks-1/41209651/kenworth-t880-nc.html,//d22dk94hfc1k6q.cloudfront.net/none/220-160/337957/41221133/41221133_1617075075_679.jpg,Kenworth T880 
sale,"{'cat1_name': 'Trucks', 'cat1_id': 'Trucks', 'cat2_name': '', 'cat2_id': '', 'cat3_name': '', 'cat3_id': ''}",{'desc': ''},https://www.truckscorner.com/used/trucks-1/41209654/international-s2500-nc.html,//d22dk94hfc1k6q.cloudfront.net/none/220-160/337957/41221133/41221133_1617075075_679.jpg,International S2500 
sale,"{'cat1_name': 'Trucks', 'cat1_id': 'Trucks', 'cat2_name': '', 'cat2_id': '', 'cat3_name': '', 'cat3_id': ''}",{'desc': ''},https://www.truckscorner.com/used/trucks-1/41209615/international-prostar-6x4.html,//d22dk94hfc1k6q.cloudfront.net/none/220-160/337957/41221133/41221133_1617075075_679.jpg,International PROSTAR 6x4
auction,"{'cat1_name': 'Trucks', 'cat1_id': 'Trucks', 'cat2_name': '', 'cat2_id': '', 'cat3_name': '', 'cat3_id': ''}",{'desc': ''},https://www.truckscorner.com/auction/trucks-1/41208593/freightliner-m2-nc.html,//d22dk94hfc1k6q.cloudfront.net/none/220-160/337957/41221133/41221133_1617075075_679.jpg,Freightliner M2 
auction,"{'cat1_name': 'Trucks', 'cat1_id': 'Trucks', 'cat2_name': '', 'cat2_id': '', 'cat3_name': '', 'cat3_id': ''}",{'desc': ''},https://www.truckscorner.com/auction/trucks-1/41208592/peterbilt-348-nc.html,//d22dk94hfc1k6q.cloudfront.net/none/220-160/337957/41221133/41221133_1617075075_679.jpg,Peterbilt 348 
auction,"{'cat1_name': 'Trucks', 'cat1_id': 'Trucks', 'cat2_name': '', 'cat2_id': '', 'cat3_name': '', 'cat3_id': ''}",{'desc': ''},https://www.truckscorner.com/auction/trucks-1/41207239/international-4300-sba-nc.html,//d22dk94hfc1k6q.cloudfront.net/none/220-160/337957/41221133/41221133_1617075075_679.jpg,International 4300 SBA 
auction,"{'cat1_name': 'Trucks', 'cat1_id': 'Trucks', 'cat2_name': '', 'cat2_id': '', 'cat3_name': '', 'cat3_id': ''}",{'desc': ''},https://www.truckscorner.com/auction/trucks-1/41207238/international-4300-sba-nc.html,//d22dk94hfc1k6q.cloudfront.net/none/220-160/337957/41221133/41221133_1617075075_679.jpg,International 4300 SBA 
auction,"{'cat1_name': 'Trucks', 'cat1_id': 'Trucks', 'cat2_name': '', 'cat2_id': '', 'cat3_name': '', 'cat3_id': ''}",{'desc': ''},https://www.truckscorner.com/auction/trucks-1/41207237/international-4300-sba-nc.html,//d22dk94hfc1k6q.cloudfront.net/none/220-160/337957/41221133/41221133_1617075075_679.jpg,International 4300 SBA 
auction,"{'cat1_name': 'Trucks', 'cat1_id': 'Trucks', 'cat2_name': '', 'cat2_id': '', 'cat3_name': '', 'cat3_id': ''}",{'desc': ''},https://www.truckscorner.com/auction/trucks-1/41207009/isuzu-nqr-nc.html,//d22dk94hfc1k6q.cloudfront.net/none/220-160/337957/41221133/41221133_1617075075_679.jpg,Isuzu NQR 
auction,"{'cat1_name': 'Trucks', 'cat1_id': 'Trucks', 'cat2_name': '', 'cat2_id': '', 'cat3_name': '', 'cat3_id': ''}",{'desc': ''},https://www.truckscorner.com/auction/trucks-1/41206340/freightliner-m2-nc.html,//d22dk94hfc1k6q.cloudfront.net/none/220-160/337957/41221133/41221133_1617075075_679.jpg,Freightliner M2 
auction,"{'cat1_name': 'Trucks', 'cat1_id': 'Trucks', 'cat2_name': '', 'cat2_id': '', 'cat3_name': '', 'cat3_id': ''}",{'desc': ''},https://www.truckscorner.com/auction/trucks-1/41206339/international-4900-nc.html,//d22dk94hfc1k6q.cloudfront.net/none/220-160/337957/41221133/41221133_1617075075_679.jpg,International 4900 
auction,"{'cat1_name': 'Trucks', 'cat1_id': 'Trucks', 'cat2_name': '', 'cat2_id': '', 'cat3_name': '', 'cat3_id': ''}",{'desc': ''},https://www.truckscorner.com/auction/trucks-1/41206332/hino-338-nc.html,//d22dk94hfc1k6q.cloudfront.net/none/220-160/337957/41221133/41221133_1617075075_679.jpg,Hino 338 
sale,"{'cat1_name': 'Trucks', 'cat1_id': 'Trucks', 'cat2_name': '', 'cat2_id': '', 'cat3_name': '', 'cat3_id': ''}",{'desc': ''},https://www.truckscorner.com/used/trucks-1/41198318/peterbilt-579-6x4.html,//d22dk94hfc1k6q.cloudfront.net/none/220-160/337957/41221133/41221133_1617075075_679.jpg,Peterbilt 579 6x4
sale,"{'cat1_name': 'Trucks', 'cat1_id': 'Trucks', 'cat2_name': '', 'cat2_id': '', 'cat3_name': '', 'cat3_id': ''}",{'desc': ''},https://www.truckscorner.com/used/trucks-1/41198319/peterbilt-579-6x4.html,//d22dk94hfc1k6q.cloudfront.net/none/220-160/337957/41221133/41221133_1617075075_679.jpg,Peterbilt 579 6x4
sale,"{'cat1_name': 'Trucks', 'cat1_id': 'Trucks', 'cat2_name': '', 'cat2_id': '', 'cat3_name': '', 'cat3_id': ''}",{'desc': ''},https://www.truckscorner.com/used/trucks-1/41198324/western-star-4900-nc.html,//d22dk94hfc1k6q.cloudfront.net/none/220-160/337957/41221133/41221133_1617075075_679.jpg,Western Star 4900 
sale,"{'cat1_name': 'Trucks', 'cat1_id': 'Trucks', 'cat2_name': '', 'cat2_id': '', 'cat3_name': '', 'cat3_id': ''}",{'desc': ''},https://www.truckscorner.com/used/trucks-1/41198317/peterbilt-579-4x2.html,//d22dk94hfc1k6q.cloudfront.net/none/220-160/337957/41221133/41221133_1617075075_679.jpg,Peterbilt 579 4x2
auction,"{'cat1_name': 'Trucks', 'cat1_id': 'Trucks', 'cat2_name': '', 'cat2_id': '', 'cat3_name': '', 'cat3_id': ''}",{'desc': ''},https://www.truckscorner.com/auction/trucks-1/41203698/mack-ch612-nc.html,//d22dk94hfc1k6q.cloudfront.net/none/220-160/337957/41221133/41221133_1617075075_679.jpg,Mack CH612 
auction,"{'cat1_name': 'Trucks', 'cat1_id': 'Trucks', 'cat2_name': '', 'cat2_id': '', 'cat3_name': '', 'cat3_id': ''}",{'desc': ''},https://www.truckscorner.com/auction/trucks-1/41203675/ford-f550-super-duty-s-a-nc.html,//d22dk94hfc1k6q.cloudfront.net/none/220-160/337957/41221133/41221133_1617075075_679.jpg,Ford F550 Super Duty S/A 
auction,"{'cat1_name': 'Trucks', 'cat1_id': 'Trucks', 'cat2_name': '', 'cat2_id': '', 'cat3_name': '', 'cat3_id': ''}",{'desc': ''},https://www.truckscorner.com/auction/trucks-1/41203645/international-2654-nc.html,//d22dk94hfc1k6q.cloudfront.net/none/220-160/337957/41221133/41221133_1617075075_679.jpg,International 2654 
auction,"{'cat1_name': 'Trucks', 'cat1_id': 'Trucks', 'cat2_name': '', 'cat2_id': '', 'cat3_name': '', 'cat3_id': ''}",{'desc': ''},https://www.truckscorner.com/auction/trucks-1/41203371/ford-f350-nc.html,//d22dk94hfc1k6q.cloudfront.net/none/220-160/337957/41221133/41221133_1617075075_679.jpg,Ford F350 
auction,"{'cat1_name': 'Trucks', 'cat1_id': 'Trucks', 'cat2_name': '', 'cat2_id': '', 'cat3_name': '', 'cat3_id': ''}",{'desc': ''},https://www.truckscorner.com/auction/trucks-1/41202737/international-4400-nc.html,//d22dk94hfc1k6q.cloudfront.net/none/220-160/337957/41221133/41221133_1617075075_679.jpg,International 4400 
auction,"{'cat1_name': 'Trucks', 'cat1_id': 'Trucks', 'cat2_name': '', 'cat2_id': '', 'cat3_name': '', 'cat3_id': ''}",{'desc': ''},https://www.truckscorner.com/auction/trucks-1/41202311/hino-268a-nc.html,//d22dk94hfc1k6q.cloudfront.net/none/220-160/337957/41221133/41221133_1617075075_679.jpg,Hino 268A 
auction,"{'cat1_name': 'Trucks', 'cat1_id': 'Trucks', 'cat2_name': '', 'cat2_id': '', 'cat3_name': '', 'cat3_id': ''}",{'desc': ''},https://www.truckscorner.com/auction/trucks-1/41202310/hino-268a-nc.html,//d22dk94hfc1k6q.cloudfront.net/none/220-160/337957/41221133/41221133_1617075075_679.jpg,Hino 268A 
auction,"{'cat1_name': 'Trucks', 'cat1_id': 'Trucks', 'cat2_name': '', 'cat2_id': '', 'cat3_name': '', 'cat3_id': ''}",{'desc': ''},https://www.truckscorner.com/auction/trucks-1/41202269/hino-338-nc.html,//d22dk94hfc1k6q.cloudfront.net/none/220-160/337957/41221133/41221133_1617075075_679.jpg,Hino 338 
auction,"{'cat1_name': 'Trucks', 'cat1_id': 'Trucks', 'cat2_name': '', 'cat2_id': '', 'cat3_name': '', 'cat3_id': ''}",{'desc': ''},https://www.truckscorner.com/auction/trucks-1/41201417/international-4300-nc.html,//d22dk94hfc1k6q.cloudfront.net/none/220-160/337957/41221133/41221133_1617075075_679.jpg,International 4300 
auction,"{'cat1_name': 'Trucks', 'cat1_id': 'Trucks', 'cat2_name': '', 'cat2_id': '', 'cat3_name': '', 'cat3_id': ''}",{'desc': ''},https://www.truckscorner.com/auction/trucks-1/41201161/ford-f550-4x4.html,//d22dk94hfc1k6q.cloudfront.net/none/220-160/337957/41221133/41221133_1617075075_679.jpg,Ford F550 4x4
auction,"{'cat1_name': 'Trucks', 'cat1_id': 'Trucks', 'cat2_name': '', 'cat2_id': '', 'cat3_name': '', 'cat3_id': ''}",{'desc': ''},https://www.truckscorner.com/auction/trucks-1/41200903/international-4700-autres.html,//d22dk94hfc1k6q.cloudfront.net/none/220-160/337957/41221133/41221133_1617075075_679.jpg,International 4700 Others
auction,"{'cat1_name': 'Trucks', 'cat1_id': 'Trucks', 'cat2_name': '', 'cat2_id': '', 'cat3_name': '', 'cat3_id': ''}",{'desc': ''},https://www.truckscorner.com/auction/trucks-1/41200425/freightliner-fl70-s-a-nc.html,//d22dk94hfc1k6q.cloudfront.net/none/220-160/337957/41221133/41221133_1617075075_679.jpg,Freightliner FL70 S/A 
auction,"{'cat1_name': 'Trucks', 'cat1_id': 'Trucks', 'cat2_name': '', 'cat2_id': '', 'cat3_name': '', 'cat3_id': ''}",{'desc': ''},https://www.truckscorner.com/auction/trucks-1/41200409/chevrolet-2500hd-nc.html,//d22dk94hfc1k6q.cloudfront.net/none/220-160/337957/41221133/41221133_1617075075_679.jpg,Chevrolet 2500HD 
auction,"{'cat1_name': 'Trucks', 'cat1_id': 'Trucks', 'cat2_name': '', 'cat2_id': '', 'cat3_name': '', 'cat3_id': ''}",{'desc': ''},https://www.truckscorner.com/auction/trucks-1/41199645/ford-f550-xl-nc.html,//d22dk94hfc1k6q.cloudfront.net/none/220-160/337957/41221133/41221133_1617075075_679.jpg,Ford F550 XL 
auction,"{'cat1_name': 'Trucks', 'cat1_id': 'Trucks', 'cat2_name': '', 'cat2_id': '', 'cat3_name': '', 'cat3_id': ''}",{'desc': ''},https://www.truckscorner.com/auction/trucks-1/41199597/international-7600-nc.html,//d22dk94hfc1k6q.cloudfront.net/none/220-160/337957/41221133/41221133_1617075075_679.jpg,International 7600 
auction,"{'cat1_name': 'Trucks', 'cat1_id': 'Trucks', 'cat2_name': '', 'cat2_id': '', 'cat3_name': '', 'cat3_id': ''}",{'desc': ''},https://www.truckscorner.com/auction/trucks-1/41199026/peterbilt-pb337-autres.html,//d22dk94hfc1k6q.cloudfront.net/none/220-160/337957/41221133/41221133_1617075075_679.jpg,Peterbilt PB337 Others
sale,"{'cat1_name': 'Trucks', 'cat1_id': 'Trucks', 'cat2_name': '', 'cat2_id': '', 'cat3_name': '', 'cat3_id': ''}",{'desc': ''},https://www.truckscorner.com/used/trucks-1/41198334/kenworth-t370-nc.html,//d22dk94hfc1k6q.cloudfront.net/none/220-160/337957/41221133/41221133_1617075075_679.jpg,Kenworth T370 
sale,"{'cat1_name': 'Trucks', 'cat1_id': 'Trucks', 'cat2_name': '', 'cat2_id': '', 'cat3_name': '', 'cat3_id': ''}",{'desc': ''},https://www.truckscorner.com/used/trucks-1/41198335/mack-granite-64fr-nc.html,//d22dk94hfc1k6q.cloudfront.net/none/220-160/337957/41221133/41221133_1617075075_679.jpg,Mack GRANITE 64FR 
sale,"{'cat1_name': 'Trucks', 'cat1_id': 'Trucks', 'cat2_name': '', 'cat2_id': '', 'cat3_name': '', 'cat3_id': ''}",{'desc': ''},https://www.truckscorner.com/used/trucks-1/41198336/mack-granite-64fr-nc.html,//d22dk94hfc1k6q.cloudfront.net/none/220-160/337957/41221133/41221133_1617075075_679.jpg,Mack GRANITE 64FR 
sale,"{'cat1_name': 'Trucks', 'cat1_id': 'Trucks', 'cat2_name': '', 'cat2_id': '', 'cat3_name': '', 'cat3_id': ''}",{'desc': ''},https://www.truckscorner.com/used/trucks-1/41198337/mack-granite-64fr-nc.html,//d22dk94hfc1k6q.cloudfront.net/none/220-160/337957/41221133/41221133_1617075075_679.jpg,Mack GRANITE 64FR 
