auction_ending,buying_format,country,currency,details,extra_fields,img_url,item_category,item_main_category,item_main_category_id,item_source_category_id,item_source_sub_category_id,item_sub_category,item_title,item_url,location,make,model,price,price_original,serial_number,source_item_id,state,thumbnail_s3_path,thumbnail_url,vendor_address,vendor_address2,vendor_categories,vendor_city,vendor_comments,vendor_contact,vendor_contact2,vendor_contact2_designation,vendor_contact_designation,vendor_contact_url,vendor_country,vendor_email,vendor_email1,vendor_email2,vendor_email3,vendor_facebook,vendor_fax,vendor_linkedin,vendor_location,vendor_logo_url,vendor_manufacturers,vendor_name,vendor_phone,vendor_phone2,vendor_services,vendor_skype,vendor_state,vendor_twitter,vendor_url,vendor_website,vendor_zipcode,year
,sale,USA,,,,,,Trucks,Trucks,,,,International PROSTAR 6x4,https://www.truckscorner.com/used/trucks-1/41209615/international-prostar-6x4.html,"
                    ",International,PROSTAR,,,,,"
                    ",,nan,,,,,,,,,,,,,,,,,,,"
                    ",,,Valenti Sales & Rentals,,,,,,,,,,2014
,auction,USA,,,,"//d22dk94hfc1k6q.cloudfront.net/pa/750-560/337957/41209356/41209356_1616703147_99.jpg,//d22dk94hfc1k6q.cloudfront.net/pa/750-560/337957/41209356/41209356_1616703147_206.jpg,//d22dk94hfc1k6q.cloudfront.net/pa/750-560/337957/41209356/41209356_1616703147_731.jpg,//d22dk94hfc1k6q.cloudfront.net/pa/750-560/337957/41209356/41209356_1616703147_105.jpg,//d22dk94hfc1k6q.cloudfront.net/pa/750-560/337957/41209356/41209356_1616703147_845.jpg,//d22dk94hfc1k6q.cloudfront.net/pa/750-560/337957/41209356/41209356_1616703147_309.jpg,//d22dk94hfc1k6q.cloudfront.net/pa/750-560/337957/41209356/41209356_1616703147_786.jpg",,Trucks,Trucks,,,,Freightliner M2106 ,https://www.truckscorner.com/auction/trucks-1/41209356/freightliner-m2106-n-a.html,"
                    ",Freightliner,M2106,,,,,"
                    ",,//d22dk94hfc1k6q.cloudfront.net/none/220-160/337957/41209356/41209356_1616703147_99.jpg,,,,,,,,,,,,,,,,,,,"
                    ",,,RITCHIE BROS AUCTIONEERS,,,,,,,,,,2016
,auction,USA,,,,"//d22dk94hfc1k6q.cloudfront.net/pa/750-560/337957/41209205/41209205_1616702862_568.jpg,//d22dk94hfc1k6q.cloudfront.net/pa/750-560/337957/41209205/41209205_1616702862_397.jpg,//d22dk94hfc1k6q.cloudfront.net/pa/750-560/337957/41209205/41209205_1616702862_429.jpg,//d22dk94hfc1k6q.cloudfront.net/pa/750-560/337957/41209205/41209205_1616702862_895.jpg,//d22dk94hfc1k6q.cloudfront.net/pa/750-560/337957/41209205/41209205_1616702862_55.jpg,//d22dk94hfc1k6q.cloudfront.net/pa/750-560/337957/41209205/41209205_1616702862_594.jpg,//d22dk94hfc1k6q.cloudfront.net/pa/750-560/337957/41209205/41209205_1616702862_187.jpg,//d22dk94hfc1k6q.cloudfront.net/pa/750-560/337957/41209205/41209205_1616702862_40.jpg,//d22dk94hfc1k6q.cloudfront.net/pa/750-560/337957/41209205/41209205_1616702862_426.jpg,//d22dk94hfc1k6q.cloudfront.net/pa/750-560/337957/41209205/41209205_1616702862_139.jpg",,Trucks,Trucks,,,,Peterbilt 386 ,https://www.truckscorner.com/auction/trucks-1/41209205/peterbilt-386-n-a.html,"
                    ",Peterbilt,386,,,,,"
                    ",,//d22dk94hfc1k6q.cloudfront.net/none/220-160/337957/41209205/41209205_1616702862_568.jpg,,,,,,,,,,,,,,,,,,,"
                    ",,,RITCHIE BROS AUCTIONEERS,,,,,,,,,,2008
,auction,USA,,,,"//d22dk94hfc1k6q.cloudfront.net/pa/750-560/337957/41209354/41209354_1616703142_801.jpg,//d22dk94hfc1k6q.cloudfront.net/pa/750-560/337957/41209354/41209354_1616703142_208.jpg,//d22dk94hfc1k6q.cloudfront.net/pa/750-560/337957/41209354/41209354_1616703142_650.jpg,//d22dk94hfc1k6q.cloudfront.net/pa/750-560/337957/41209354/41209354_1616703142_928.jpg,//d22dk94hfc1k6q.cloudfront.net/pa/750-560/337957/41209354/41209354_1616703142_385.jpg,//d22dk94hfc1k6q.cloudfront.net/pa/750-560/337957/41209354/41209354_1616703142_830.jpg,//d22dk94hfc1k6q.cloudfront.net/pa/750-560/337957/41209354/41209354_1616703142_314.jpg",,Trucks,Trucks,,,,Freightliner M2106 Others,https://www.truckscorner.com/auction/trucks-1/41209354/freightliner-m2106-others.html,"
                    ",Freightliner,M2106,,,,,"
                    ",,//d22dk94hfc1k6q.cloudfront.net/none/220-160/337957/41209354/41209354_1616703142_801.jpg,,,,,,,,,,,,,,,,,,,"
                    ",,,RITCHIE BROS AUCTIONEERS,,,,,,,,,,2012
,auction,USA,,,,"//d22dk94hfc1k6q.cloudfront.net/pa/750-560/337957/41209258/41209258_1616702966_326.jpg,//d22dk94hfc1k6q.cloudfront.net/pa/750-560/337957/41209258/41209258_1616702966_274.jpg,//d22dk94hfc1k6q.cloudfront.net/pa/750-560/337957/41209258/41209258_1616702966_766.jpg,//d22dk94hfc1k6q.cloudfront.net/pa/750-560/337957/41209258/41209258_1616702966_193.jpg,//d22dk94hfc1k6q.cloudfront.net/pa/750-560/337957/41209258/41209258_1616702966_347.jpg,//d22dk94hfc1k6q.cloudfront.net/pa/750-560/337957/41209258/41209258_1616702966_990.jpg,//d22dk94hfc1k6q.cloudfront.net/pa/750-560/337957/41209258/41209258_1616702966_126.jpg",,Trucks,Trucks,,,,Chevrolet C7500 ,https://www.truckscorner.com/auction/trucks-1/41209258/chevrolet-c7500-n-a.html,"
                    ",Chevrolet,C7500,,,,,"
                    ",,//d22dk94hfc1k6q.cloudfront.net/none/220-160/337957/41209258/41209258_1616702966_326.jpg,,,,,,,,,,,,,,,,,,,"
                    ",,,RITCHIE BROS AUCTIONEERS,,,,,,,,,,2003
,auction,USA,,,,"//d22dk94hfc1k6q.cloudfront.net/pa/750-560/337957/41209351/41209351_1616703134_402.jpg,//d22dk94hfc1k6q.cloudfront.net/pa/750-560/337957/41209351/41209351_1616703134_777.jpg,//d22dk94hfc1k6q.cloudfront.net/pa/750-560/337957/41209351/41209351_1616703134_618.jpg,//d22dk94hfc1k6q.cloudfront.net/pa/750-560/337957/41209351/41209351_1616703134_576.jpg,//d22dk94hfc1k6q.cloudfront.net/pa/750-560/337957/41209351/41209351_1616703134_762.jpg,//d22dk94hfc1k6q.cloudfront.net/pa/750-560/337957/41209351/41209351_1616703134_150.jpg,//d22dk94hfc1k6q.cloudfront.net/pa/750-560/337957/41209351/41209351_1616703134_142.jpg,//d22dk94hfc1k6q.cloudfront.net/pa/750-560/337957/41209351/41209351_1616703134_244.jpg",,Trucks,Trucks,,,,Freightliner M2106 ,https://www.truckscorner.com/auction/trucks-1/41209351/freightliner-m2106-n-a.html,"
                    ",Freightliner,M2106,,,,,"
                    ",,//d22dk94hfc1k6q.cloudfront.net/none/220-160/337957/41209351/41209351_1616703134_402.jpg,,,,,,,,,,,,,,,,,,,"
                    ",,,RITCHIE BROS AUCTIONEERS,,,,,,,,,,2017
,auction,USA,,,,"//d22dk94hfc1k6q.cloudfront.net/pa/750-560/337957/41209403/41209403_1616703225_651.jpg,//d22dk94hfc1k6q.cloudfront.net/pa/750-560/337957/41209403/41209403_1616703225_410.jpg,//d22dk94hfc1k6q.cloudfront.net/pa/750-560/337957/41209403/41209403_1616703225_54.jpg,//d22dk94hfc1k6q.cloudfront.net/pa/750-560/337957/41209403/41209403_1616703225_129.jpg,//d22dk94hfc1k6q.cloudfront.net/pa/750-560/337957/41209403/41209403_1616703225_966.jpg,//d22dk94hfc1k6q.cloudfront.net/pa/750-560/337957/41209403/41209403_1616703225_188.jpg,//d22dk94hfc1k6q.cloudfront.net/pa/750-560/337957/41209403/41209403_1616703225_799.jpg",,Trucks,Trucks,,,,International 4300 Others,https://www.truckscorner.com/auction/trucks-1/41209403/international-4300-others.html,"
                    ",International,4300,,,,,"
                    ",,//d22dk94hfc1k6q.cloudfront.net/none/220-160/337957/41209403/41209403_1616703225_651.jpg,,,,,,,,,,,,,,,,,,,"
                    ",,,RITCHIE BROS AUCTIONEERS,,,,,,,,,,2005
,auction,USA,,,,"//d22dk94hfc1k6q.cloudfront.net/pa/750-560/337957/41209350/41209350_1616703132_419.jpg,//d22dk94hfc1k6q.cloudfront.net/pa/750-560/337957/41209350/41209350_1616703132_170.jpg,//d22dk94hfc1k6q.cloudfront.net/pa/750-560/337957/41209350/41209350_1616703132_22.jpg,//d22dk94hfc1k6q.cloudfront.net/pa/750-560/337957/41209350/41209350_1616703132_434.jpg,//d22dk94hfc1k6q.cloudfront.net/pa/750-560/337957/41209350/41209350_1616703132_103.jpg,//d22dk94hfc1k6q.cloudfront.net/pa/750-560/337957/41209350/41209350_1616703132_87.jpg,//d22dk94hfc1k6q.cloudfront.net/pa/750-560/337957/41209350/41209350_1616703132_90.jpg",,Trucks,Trucks,,,,GMC 3500 ,https://www.truckscorner.com/auction/trucks-1/41209350/gmc-3500-n-a.html,"
                    ",GMC,3500,,,,,"
                    ",,//d22dk94hfc1k6q.cloudfront.net/none/220-160/337957/41209350/41209350_1616703132_419.jpg,,,,,,,,,,,,,,,,,,,"
                    ",,,RITCHIE BROS AUCTIONEERS,,,,,,,,,,2017
,auction,USA,,,,"//d22dk94hfc1k6q.cloudfront.net/pa/750-560/337957/41209357/41209357_1616703149_246.jpg,//d22dk94hfc1k6q.cloudfront.net/pa/750-560/337957/41209357/41209357_1616703149_514.jpg,//d22dk94hfc1k6q.cloudfront.net/pa/750-560/337957/41209357/41209357_1616703149_249.jpg,//d22dk94hfc1k6q.cloudfront.net/pa/750-560/337957/41209357/41209357_1616703149_238.jpg,//d22dk94hfc1k6q.cloudfront.net/pa/750-560/337957/41209357/41209357_1616703149_616.jpg,//d22dk94hfc1k6q.cloudfront.net/pa/750-560/337957/41209357/41209357_1616703149_110.jpg,//d22dk94hfc1k6q.cloudfront.net/pa/750-560/337957/41209357/41209357_1616703149_432.jpg,//d22dk94hfc1k6q.cloudfront.net/pa/750-560/337957/41209357/41209357_1616703149_643.jpg",,Trucks,Trucks,,,,Freightliner M2106 ,https://www.truckscorner.com/auction/trucks-1/41209357/freightliner-m2106-n-a.html,"
                    ",Freightliner,M2106,,,,,"
                    ",,//d22dk94hfc1k6q.cloudfront.net/none/220-160/337957/41209357/41209357_1616703149_246.jpg,,,,,,,,,,,,,,,,,,,"
                    ",,,RITCHIE BROS AUCTIONEERS,,,,,,,,,,2014
,auction,USA,,,,"//d22dk94hfc1k6q.cloudfront.net/pa/750-560/337957/41208434/41208434_1616701295_233.jpg,//d22dk94hfc1k6q.cloudfront.net/pa/750-560/337957/41208434/41208434_1616701295_931.jpg,//d22dk94hfc1k6q.cloudfront.net/pa/750-560/337957/41208434/41208434_1616701295_120.jpg,//d22dk94hfc1k6q.cloudfront.net/pa/750-560/337957/41208434/41208434_1616701295_225.jpg,//d22dk94hfc1k6q.cloudfront.net/pa/750-560/337957/41208434/41208434_1616701295_614.jpg,//d22dk94hfc1k6q.cloudfront.net/pa/750-560/337957/41208434/41208434_1616701295_786.jpg,//d22dk94hfc1k6q.cloudfront.net/pa/750-560/337957/41208434/41208434_1616701295_641.jpg,//d22dk94hfc1k6q.cloudfront.net/pa/750-560/337957/41208434/41208434_1616701295_959.jpg,//d22dk94hfc1k6q.cloudfront.net/pa/750-560/337957/41208434/41208434_1616701295_10.jpg,//d22dk94hfc1k6q.cloudfront.net/pa/750-560/337957/41208434/41208434_1616701295_137.jpg",,Trucks,Trucks,,,,Kenworth C500 ,https://www.truckscorner.com/auction/trucks-1/41208434/kenworth-c500-n-a.html,"
                    ",Kenworth,C500,,,,,"
                    ",,//d22dk94hfc1k6q.cloudfront.net/none/220-160/337957/41208434/41208434_1616701295_233.jpg,,,,,,,,,,,,,,,,,,,"
                    ",,,RITCHIE BROS AUCTIONEERS,,,,,,,,,,1975
,auction,USA,,,,"//d22dk94hfc1k6q.cloudfront.net/pa/750-560/337957/41209353/41209353_1616703139_453.jpg,//d22dk94hfc1k6q.cloudfront.net/pa/750-560/337957/41209353/41209353_1616703139_382.jpg,//d22dk94hfc1k6q.cloudfront.net/pa/750-560/337957/41209353/41209353_1616703139_362.jpg,//d22dk94hfc1k6q.cloudfront.net/pa/750-560/337957/41209353/41209353_1616703139_562.jpg,//d22dk94hfc1k6q.cloudfront.net/pa/750-560/337957/41209353/41209353_1616703139_855.jpg,//d22dk94hfc1k6q.cloudfront.net/pa/750-560/337957/41209353/41209353_1616703139_658.jpg,//d22dk94hfc1k6q.cloudfront.net/pa/750-560/337957/41209353/41209353_1616703139_55.jpg",,Trucks,Trucks,,,,Freightliner M2112 ,https://www.truckscorner.com/auction/trucks-1/41209353/freightliner-m2112-n-a.html,"
                    ",Freightliner,M2112,,,,,"
                    ",,//d22dk94hfc1k6q.cloudfront.net/none/220-160/337957/41209353/41209353_1616703139_453.jpg,,,,,,,,,,,,,,,,,,,"
                    ",,,RITCHIE BROS AUCTIONEERS,,,,,,,,,,2014
,auction,USA,,,,"//d22dk94hfc1k6q.cloudfront.net/pa/750-560/337957/41208592/41208592_1616701623_97.jpg,//d22dk94hfc1k6q.cloudfront.net/pa/750-560/337957/41208592/41208592_1616701623_240.jpg,//d22dk94hfc1k6q.cloudfront.net/pa/750-560/337957/41208592/41208592_1616701623_579.jpg,//d22dk94hfc1k6q.cloudfront.net/pa/750-560/337957/41208592/41208592_1616701623_609.jpg,//d22dk94hfc1k6q.cloudfront.net/pa/750-560/337957/41208592/41208592_1616701623_466.jpg,//d22dk94hfc1k6q.cloudfront.net/pa/750-560/337957/41208592/41208592_1616701623_910.jpg,//d22dk94hfc1k6q.cloudfront.net/pa/750-560/337957/41208592/41208592_1616701623_173.jpg",,Trucks,Trucks,,,,Peterbilt 348 ,https://www.truckscorner.com/auction/trucks-1/41208592/peterbilt-348-n-a.html,"
                    ",Peterbilt,348,,,,,"
                    ",,//d22dk94hfc1k6q.cloudfront.net/none/220-160/337957/41208592/41208592_1616701623_97.jpg,,,,,,,,,,,,,,,,,,,"
                    ",,,RITCHIE BROS AUCTIONEERS,,,,,,,,,,
,sale,USA,,,,"//d22dk94hfc1k6q.cloudfront.net/pa/750-560/666588/41209654/41209654_1616717379_94.jpg,//d22dk94hfc1k6q.cloudfront.net/pa/750-560/666588/41209654/41209654_1616717379_733.jpg,//d22dk94hfc1k6q.cloudfront.net/pa/750-560/666588/41209654/41209654_1616717379_874.jpg,//d22dk94hfc1k6q.cloudfront.net/pa/750-560/666588/41209654/41209654_1616717379_82.jpg,//d22dk94hfc1k6q.cloudfront.net/pa/750-560/666588/41209654/41209654_1616717379_656.jpg,//d22dk94hfc1k6q.cloudfront.net/pa/750-560/666588/41209654/41209654_1616717379_838.jpg",,Trucks,Trucks,,,,International S2500 ,https://www.truckscorner.com/used/trucks-1/41209654/international-s2500-n-a.html,"
                    ",International,S2500,,,,,"
                    ",,//d22dk94hfc1k6q.cloudfront.net/none/220-160/666588/41209654/41209654_1616717379_94.jpg,,,,,,,,,,,,,,,,,,,"
                    ",,,RTR Services,,,,,,,,,,1999
,auction,USA,,,,"//d22dk94hfc1k6q.cloudfront.net/pa/750-560/337957/41208588/41208588_1616701619_348.jpg,//d22dk94hfc1k6q.cloudfront.net/pa/750-560/337957/41208588/41208588_1616701619_751.jpg,//d22dk94hfc1k6q.cloudfront.net/pa/750-560/337957/41208588/41208588_1616701619_291.jpg,//d22dk94hfc1k6q.cloudfront.net/pa/750-560/337957/41208588/41208588_1616701619_669.jpg,//d22dk94hfc1k6q.cloudfront.net/pa/750-560/337957/41208588/41208588_1616701619_235.jpg,//d22dk94hfc1k6q.cloudfront.net/pa/750-560/337957/41208588/41208588_1616701619_888.jpg,//d22dk94hfc1k6q.cloudfront.net/pa/750-560/337957/41208588/41208588_1616701619_95.jpg",,Trucks,Trucks,,,,International 7400 ,https://www.truckscorner.com/auction/trucks-1/41208588/international-7400-n-a.html,"
                    ",International,7400,,,,,"
                    ",,//d22dk94hfc1k6q.cloudfront.net/none/220-160/337957/41208588/41208588_1616701619_348.jpg,,,,,,,,,,,,,,,,,,,"
                    ",,,RITCHIE BROS AUCTIONEERS,,,,,,,,,,2010
,auction,USA,,,,"//d22dk94hfc1k6q.cloudfront.net/pa/750-560/337957/41208369/41208369_1616701227_423.jpg,//d22dk94hfc1k6q.cloudfront.net/pa/750-560/337957/41208369/41208369_1616701227_953.jpg,//d22dk94hfc1k6q.cloudfront.net/pa/750-560/337957/41208369/41208369_1616701227_196.jpg,//d22dk94hfc1k6q.cloudfront.net/pa/750-560/337957/41208369/41208369_1616701227_47.jpg,//d22dk94hfc1k6q.cloudfront.net/pa/750-560/337957/41208369/41208369_1616701227_885.jpg,//d22dk94hfc1k6q.cloudfront.net/pa/750-560/337957/41208369/41208369_1616701227_419.jpg,//d22dk94hfc1k6q.cloudfront.net/pa/750-560/337957/41208369/41208369_1616701227_386.jpg,//d22dk94hfc1k6q.cloudfront.net/pa/750-560/337957/41208369/41208369_1616701227_311.jpg",,Trucks,Trucks,,,,Freightliner M2106 ,https://www.truckscorner.com/auction/trucks-1/41208369/freightliner-m2106-n-a.html,"
                    ",Freightliner,M2106,,,,,"
                    ",,//d22dk94hfc1k6q.cloudfront.net/none/220-160/337957/41208369/41208369_1616701227_423.jpg,,,,,,,,,,,,,,,,,,,"
                    ",,,RITCHIE BROS AUCTIONEERS,,,,,,,,,,2014
,auction,USA,,,,"//d22dk94hfc1k6q.cloudfront.net/pa/750-560/337957/41208593/41208593_1616701626_254.jpg,//d22dk94hfc1k6q.cloudfront.net/pa/750-560/337957/41208593/41208593_1616701626_701.jpg,//d22dk94hfc1k6q.cloudfront.net/pa/750-560/337957/41208593/41208593_1616701626_536.jpg,//d22dk94hfc1k6q.cloudfront.net/pa/750-560/337957/41208593/41208593_1616701626_306.jpg,//d22dk94hfc1k6q.cloudfront.net/pa/750-560/337957/41208593/41208593_1616701626_135.jpg,//d22dk94hfc1k6q.cloudfront.net/pa/750-560/337957/41208593/41208593_1616701626_568.jpg,//d22dk94hfc1k6q.cloudfront.net/pa/750-560/337957/41208593/41208593_1616701626_291.jpg",,Trucks,Trucks,,,,Freightliner M2 ,https://www.truckscorner.com/auction/trucks-1/41208593/freightliner-m2-n-a.html,"
                    ",Freightliner,M2,,,,,"
                    ",,//d22dk94hfc1k6q.cloudfront.net/none/220-160/337957/41208593/41208593_1616701626_254.jpg,,,,,,,,,,,,,,,,,,,"
                    ",,,RITCHIE BROS AUCTIONEERS,,,,,,,,,,
,auction,USA,,,,"//d22dk94hfc1k6q.cloudfront.net/pa/750-560/337957/41198854/41198854_1616640857_319.jpg,//d22dk94hfc1k6q.cloudfront.net/pa/750-560/337957/41198854/41198854_1616640857_311.jpg,//d22dk94hfc1k6q.cloudfront.net/pa/750-560/337957/41198854/41198854_1616640857_724.jpg,//d22dk94hfc1k6q.cloudfront.net/pa/750-560/337957/41198854/41198854_1616640857_126.jpg,//d22dk94hfc1k6q.cloudfront.net/pa/750-560/337957/41198854/41198854_1616640857_282.jpg,//d22dk94hfc1k6q.cloudfront.net/pa/750-560/337957/41198854/41198854_1616640857_160.jpg,//d22dk94hfc1k6q.cloudfront.net/pa/750-560/337957/41198854/41198854_1616640857_859.jpg,//d22dk94hfc1k6q.cloudfront.net/pa/750-560/337957/41198854/41198854_1616640857_231.jpg,//d22dk94hfc1k6q.cloudfront.net/pa/750-560/337957/41198854/41198854_1616640857_698.jpg,//d22dk94hfc1k6q.cloudfront.net/pa/750-560/337957/41198854/41198854_1616640857_177.jpg",,Trucks,Trucks,,,,Freightliner M2106 ,https://www.truckscorner.com/auction/trucks-1/41198854/freightliner-m2106-n-a.html,"
                    ",Freightliner,M2106,,,,,"
                    ",,//d22dk94hfc1k6q.cloudfront.net/none/220-160/337957/41198854/41198854_1616640857_319.jpg,,,,,,,,,,,,,,,,,,,"
                    ",,,RITCHIE BROS AUCTIONEERS,,,,,,,,,,2006
,auction,USA,,,,"//d22dk94hfc1k6q.cloudfront.net/pa/750-560/337957/41199014/41199014_1616641225_553.jpg,//d22dk94hfc1k6q.cloudfront.net/pa/750-560/337957/41199014/41199014_1616641225_471.jpg,//d22dk94hfc1k6q.cloudfront.net/pa/750-560/337957/41199014/41199014_1616641225_595.jpg,//d22dk94hfc1k6q.cloudfront.net/pa/750-560/337957/41199014/41199014_1616641225_368.jpg,//d22dk94hfc1k6q.cloudfront.net/pa/750-560/337957/41199014/41199014_1616641225_660.jpg,//d22dk94hfc1k6q.cloudfront.net/pa/750-560/337957/41199014/41199014_1616641225_64.jpg",,Trucks,Trucks,,,,Peterbilt 362 Others,https://www.truckscorner.com/auction/trucks-1/41199014/peterbilt-362-others.html,"
                    ",Peterbilt,362,,,,,"
                    ",,//d22dk94hfc1k6q.cloudfront.net/none/220-160/337957/41199014/41199014_1616641225_553.jpg,,,,,,,,,,,,,,,,,,,"
                    ",,,RITCHIE BROS AUCTIONEERS,,,,,,,,,,1993
,auction,USA,,,,"//d22dk94hfc1k6q.cloudfront.net/pa/750-560/337957/41199003/41199003_1616641195_513.jpg,//d22dk94hfc1k6q.cloudfront.net/pa/750-560/337957/41199003/41199003_1616641195_937.jpg,//d22dk94hfc1k6q.cloudfront.net/pa/750-560/337957/41199003/41199003_1616641195_697.jpg,//d22dk94hfc1k6q.cloudfront.net/pa/750-560/337957/41199003/41199003_1616641195_353.jpg,//d22dk94hfc1k6q.cloudfront.net/pa/750-560/337957/41199003/41199003_1616641195_52.jpg,//d22dk94hfc1k6q.cloudfront.net/pa/750-560/337957/41199003/41199003_1616641195_809.jpg,//d22dk94hfc1k6q.cloudfront.net/pa/750-560/337957/41199003/41199003_1616641195_395.jpg,//d22dk94hfc1k6q.cloudfront.net/pa/750-560/337957/41199003/41199003_1616641195_841.jpg,//d22dk94hfc1k6q.cloudfront.net/pa/750-560/337957/41199003/41199003_1616641195_825.jpg,//d22dk94hfc1k6q.cloudfront.net/pa/750-560/337957/41199003/41199003_1616641195_988.jpg",,Trucks,Trucks,,,,International 4300 Others,https://www.truckscorner.com/auction/trucks-1/41199003/international-4300-others.html,"
                    ",International,4300,,,,,"
                    ",,//d22dk94hfc1k6q.cloudfront.net/none/220-160/337957/41199003/41199003_1616641195_513.jpg,,,,,,,,,,,,,,,,,,,"
                    ",,,RITCHIE BROS AUCTIONEERS,,,,,,,,,,2005
,auction,USA,,,,"//d22dk94hfc1k6q.cloudfront.net/pa/750-560/337957/41199019/41199019_1616641234_475.jpg,//d22dk94hfc1k6q.cloudfront.net/pa/750-560/337957/41199019/41199019_1616641234_63.jpg,//d22dk94hfc1k6q.cloudfront.net/pa/750-560/337957/41199019/41199019_1616641234_185.jpg,//d22dk94hfc1k6q.cloudfront.net/pa/750-560/337957/41199019/41199019_1616641234_709.jpg,//d22dk94hfc1k6q.cloudfront.net/pa/750-560/337957/41199019/41199019_1616641234_28.jpg,//d22dk94hfc1k6q.cloudfront.net/pa/750-560/337957/41199019/41199019_1616641234_405.jpg,//d22dk94hfc1k6q.cloudfront.net/pa/750-560/337957/41199019/41199019_1616641234_898.jpg",,Trucks,Trucks,,,,International 4200SBA ,https://www.truckscorner.com/auction/trucks-1/41199019/international-4200sba-n-a.html,"
                    ",International,4200SBA,,,,,"
                    ",,//d22dk94hfc1k6q.cloudfront.net/none/220-160/337957/41199019/41199019_1616641234_475.jpg,,,,,,,,,,,,,,,,,,,"
                    ",,,RITCHIE BROS AUCTIONEERS,,,,,,,,,,2006
,auction,USA,,,,"//d22dk94hfc1k6q.cloudfront.net/pa/750-560/337957/41198918/41198918_1616641003_736.jpg,//d22dk94hfc1k6q.cloudfront.net/pa/750-560/337957/41198918/41198918_1616641003_793.jpg,//d22dk94hfc1k6q.cloudfront.net/pa/750-560/337957/41198918/41198918_1616641003_305.jpg,//d22dk94hfc1k6q.cloudfront.net/pa/750-560/337957/41198918/41198918_1616641003_164.jpg,//d22dk94hfc1k6q.cloudfront.net/pa/750-560/337957/41198918/41198918_1616641003_969.jpg,//d22dk94hfc1k6q.cloudfront.net/pa/750-560/337957/41198918/41198918_1616641003_57.jpg,//d22dk94hfc1k6q.cloudfront.net/pa/750-560/337957/41198918/41198918_1616641003_284.jpg,//d22dk94hfc1k6q.cloudfront.net/pa/750-560/337957/41198918/41198918_1616641003_170.jpg",,Trucks,Trucks,,,,Freightliner MT45 ,https://www.truckscorner.com/auction/trucks-1/41198918/freightliner-mt45-n-a.html,"
                    ",Freightliner,MT45,,,,,"
                    ",,//d22dk94hfc1k6q.cloudfront.net/none/220-160/337957/41198918/41198918_1616641003_736.jpg,,,,,,,,,,,,,,,,,,,"
                    ",,,RITCHIE BROS AUCTIONEERS,,,,,,,,,,2002
,auction,USA,,,,"//d22dk94hfc1k6q.cloudfront.net/pa/750-560/337957/41199026/41199026_1616641242_244.jpg,//d22dk94hfc1k6q.cloudfront.net/pa/750-560/337957/41199026/41199026_1616641242_732.jpg,//d22dk94hfc1k6q.cloudfront.net/pa/750-560/337957/41199026/41199026_1616641242_614.jpg,//d22dk94hfc1k6q.cloudfront.net/pa/750-560/337957/41199026/41199026_1616641242_791.jpg,//d22dk94hfc1k6q.cloudfront.net/pa/750-560/337957/41199026/41199026_1616641242_55.jpg,//d22dk94hfc1k6q.cloudfront.net/pa/750-560/337957/41199026/41199026_1616641242_151.jpg,//d22dk94hfc1k6q.cloudfront.net/pa/750-560/337957/41199026/41199026_1616641242_816.jpg",,Trucks,Trucks,,,,Peterbilt PB337 Others,https://www.truckscorner.com/auction/trucks-1/41199026/peterbilt-pb337-others.html,"
                    ",Peterbilt,PB337,,,,,"
                    ",,//d22dk94hfc1k6q.cloudfront.net/none/220-160/337957/41199026/41199026_1616641242_244.jpg,,,,,,,,,,,,,,,,,,,"
                    ",,,RITCHIE BROS AUCTIONEERS,,,,,,,,,,2013
,auction,USA,,,,"//d22dk94hfc1k6q.cloudfront.net/pa/750-560/337957/41199516/41199516_1616642135_586.jpg,//d22dk94hfc1k6q.cloudfront.net/pa/750-560/337957/41199516/41199516_1616642135_488.jpg,//d22dk94hfc1k6q.cloudfront.net/pa/750-560/337957/41199516/41199516_1616642135_605.jpg,//d22dk94hfc1k6q.cloudfront.net/pa/750-560/337957/41199516/41199516_1616642135_516.jpg,//d22dk94hfc1k6q.cloudfront.net/pa/750-560/337957/41199516/41199516_1616642135_131.jpg,//d22dk94hfc1k6q.cloudfront.net/pa/750-560/337957/41199516/41199516_1616642135_936.jpg",,Trucks,Trucks,,,,Ford F450 ,https://www.truckscorner.com/auction/trucks-1/41199516/ford-f450-n-a.html,"
                    ",Ford,F450,,,,,"
                    ",,//d22dk94hfc1k6q.cloudfront.net/none/220-160/337957/41199516/41199516_1616642135_586.jpg,,,,,,,,,,,,,,,,,,,"
                    ",,,RITCHIE BROS AUCTIONEERS,,,,,,,,,,2006
,auction,USA,,,,"//d22dk94hfc1k6q.cloudfront.net/pa/750-560/337957/41199426/41199426_1616641880_867.jpg,//d22dk94hfc1k6q.cloudfront.net/pa/750-560/337957/41199426/41199426_1616641880_985.jpg,//d22dk94hfc1k6q.cloudfront.net/pa/750-560/337957/41199426/41199426_1616641880_956.jpg,//d22dk94hfc1k6q.cloudfront.net/pa/750-560/337957/41199426/41199426_1616641880_84.jpg,//d22dk94hfc1k6q.cloudfront.net/pa/750-560/337957/41199426/41199426_1616641880_677.jpg,//d22dk94hfc1k6q.cloudfront.net/pa/750-560/337957/41199426/41199426_1616641880_671.jpg,//d22dk94hfc1k6q.cloudfront.net/pa/750-560/337957/41199426/41199426_1616641880_229.jpg,//d22dk94hfc1k6q.cloudfront.net/pa/750-560/337957/41199426/41199426_1616641880_767.jpg,//d22dk94hfc1k6q.cloudfront.net/pa/750-560/337957/41199426/41199426_1616641880_775.jpg,//d22dk94hfc1k6q.cloudfront.net/pa/750-560/337957/41199426/41199426_1616641880_261.jpg",,Trucks,Trucks,,,,Ford F650 ,https://www.truckscorner.com/auction/trucks-1/41199426/ford-f650-n-a.html,"
                    ",Ford,F650,,,,,"
                    ",,//d22dk94hfc1k6q.cloudfront.net/none/220-160/337957/41199426/41199426_1616641880_867.jpg,,,,,,,,,,,,,,,,,,,"
                    ",,,RITCHIE BROS AUCTIONEERS,,,,,,,,,,2008
,auction,USA,,,,"//d22dk94hfc1k6q.cloudfront.net/pa/750-560/337957/41199121/41199121_1616641396_902.jpg,//d22dk94hfc1k6q.cloudfront.net/pa/750-560/337957/41199121/41199121_1616641396_49.jpg,//d22dk94hfc1k6q.cloudfront.net/pa/750-560/337957/41199121/41199121_1616641396_646.jpg,//d22dk94hfc1k6q.cloudfront.net/pa/750-560/337957/41199121/41199121_1616641396_372.jpg,//d22dk94hfc1k6q.cloudfront.net/pa/750-560/337957/41199121/41199121_1616641396_53.jpg,//d22dk94hfc1k6q.cloudfront.net/pa/750-560/337957/41199121/41199121_1616641396_722.jpg,//d22dk94hfc1k6q.cloudfront.net/pa/750-560/337957/41199121/41199121_1616641396_618.jpg",,Trucks,Trucks,,,,Mitsubishi FUSO FE180 ,https://www.truckscorner.com/auction/trucks-1/41199121/mitsubishi-fuso-fe180-n-a.html,"
                    ",Mitsubishi,FUSO FE180,,,,,"
                    ",,//d22dk94hfc1k6q.cloudfront.net/none/220-160/337957/41199121/41199121_1616641396_902.jpg,,,,,,,,,,,,,,,,,,,"
                    ",,,RITCHIE BROS AUCTIONEERS,,,,,,,,,,2012
,auction,USA,,,,"//d22dk94hfc1k6q.cloudfront.net/pa/750-560/337957/41199458/41199458_1616641972_313.jpg,//d22dk94hfc1k6q.cloudfront.net/pa/750-560/337957/41199458/41199458_1616641972_574.jpg,//d22dk94hfc1k6q.cloudfront.net/pa/750-560/337957/41199458/41199458_1616641972_264.jpg,//d22dk94hfc1k6q.cloudfront.net/pa/750-560/337957/41199458/41199458_1616641972_215.jpg,//d22dk94hfc1k6q.cloudfront.net/pa/750-560/337957/41199458/41199458_1616641972_699.jpg,//d22dk94hfc1k6q.cloudfront.net/pa/750-560/337957/41199458/41199458_1616641972_764.jpg,//d22dk94hfc1k6q.cloudfront.net/pa/750-560/337957/41199458/41199458_1616641972_77.jpg,//d22dk94hfc1k6q.cloudfront.net/pa/750-560/337957/41199458/41199458_1616641972_386.jpg",,Trucks,Trucks,,,,Dodge RAM 5500HD ,https://www.truckscorner.com/auction/trucks-1/41199458/dodge-ram-5500hd-n-a.html,"
                    ",Dodge,RAM 5500HD,,,,,"
                    ",,//d22dk94hfc1k6q.cloudfront.net/none/220-160/337957/41199458/41199458_1616641972_313.jpg,,,,,,,,,,,,,,,,,,,"
                    ",,,RITCHIE BROS AUCTIONEERS,,,,,,,,,,2013
,auction,USA,,,,"//d22dk94hfc1k6q.cloudfront.net/pa/750-560/337957/41199138/41199138_1616641426_72.jpg,//d22dk94hfc1k6q.cloudfront.net/pa/750-560/337957/41199138/41199138_1616641426_544.jpg,//d22dk94hfc1k6q.cloudfront.net/pa/750-560/337957/41199138/41199138_1616641426_588.jpg,//d22dk94hfc1k6q.cloudfront.net/pa/750-560/337957/41199138/41199138_1616641426_896.jpg,//d22dk94hfc1k6q.cloudfront.net/pa/750-560/337957/41199138/41199138_1616641426_314.jpg,//d22dk94hfc1k6q.cloudfront.net/pa/750-560/337957/41199138/41199138_1616641426_848.jpg,//d22dk94hfc1k6q.cloudfront.net/pa/750-560/337957/41199138/41199138_1616641426_215.jpg,//d22dk94hfc1k6q.cloudfront.net/pa/750-560/337957/41199138/41199138_1616641426_630.jpg",,Trucks,Trucks,,,,Caterpillar CT660S ,https://www.truckscorner.com/auction/trucks-1/41199138/caterpillar-ct660s-n-a.html,"
                    ",Caterpillar,CT660S,,,,,"
                    ",,//d22dk94hfc1k6q.cloudfront.net/none/220-160/337957/41199138/41199138_1616641426_72.jpg,,,,,,,,,,,,,,,,,,,"
                    ",,,RITCHIE BROS AUCTIONEERS,,,,,,,,,,2014
,auction,USA,,,,"//d22dk94hfc1k6q.cloudfront.net/pa/750-560/337957/41199528/41199528_1616642164_844.jpg,//d22dk94hfc1k6q.cloudfront.net/pa/750-560/337957/41199528/41199528_1616642164_839.jpg,//d22dk94hfc1k6q.cloudfront.net/pa/750-560/337957/41199528/41199528_1616642164_100.jpg,//d22dk94hfc1k6q.cloudfront.net/pa/750-560/337957/41199528/41199528_1616642164_833.jpg,//d22dk94hfc1k6q.cloudfront.net/pa/750-560/337957/41199528/41199528_1616642164_611.jpg,//d22dk94hfc1k6q.cloudfront.net/pa/750-560/337957/41199528/41199528_1616642164_818.jpg",,Trucks,Trucks,,,,Sterling M8500 Others,https://www.truckscorner.com/auction/trucks-1/41199528/sterling-m8500-others.html,"
                    ",Sterling,M8500,,,,,"
                    ",,//d22dk94hfc1k6q.cloudfront.net/none/220-160/337957/41199528/41199528_1616642164_844.jpg,,,,,,,,,,,,,,,,,,,"
                    ",,,RITCHIE BROS AUCTIONEERS,,,,,,,,,,2006
,auction,USA,,,,"//d22dk94hfc1k6q.cloudfront.net/pa/750-560/337957/41199517/41199517_1616642137_734.jpg,//d22dk94hfc1k6q.cloudfront.net/pa/750-560/337957/41199517/41199517_1616642137_373.jpg,//d22dk94hfc1k6q.cloudfront.net/pa/750-560/337957/41199517/41199517_1616642137_109.jpg,//d22dk94hfc1k6q.cloudfront.net/pa/750-560/337957/41199517/41199517_1616642137_43.jpg,//d22dk94hfc1k6q.cloudfront.net/pa/750-560/337957/41199517/41199517_1616642137_131.jpg,//d22dk94hfc1k6q.cloudfront.net/pa/750-560/337957/41199517/41199517_1616642137_763.jpg,//d22dk94hfc1k6q.cloudfront.net/pa/750-560/337957/41199517/41199517_1616642137_619.jpg",,Trucks,Trucks,,,,Ford F800 ,https://www.truckscorner.com/auction/trucks-1/41199517/ford-f800-n-a.html,"
                    ",Ford,F800,,,,,"
                    ",,//d22dk94hfc1k6q.cloudfront.net/none/220-160/337957/41199517/41199517_1616642137_734.jpg,,,,,,,,,,,,,,,,,,,"
                    ",,,RITCHIE BROS AUCTIONEERS,,,,,,,,,,1987
,auction,USA,,,,"//d22dk94hfc1k6q.cloudfront.net/pa/750-560/337957/41199457/41199457_1616641969_652.jpg,//d22dk94hfc1k6q.cloudfront.net/pa/750-560/337957/41199457/41199457_1616641969_743.jpg,//d22dk94hfc1k6q.cloudfront.net/pa/750-560/337957/41199457/41199457_1616641969_614.jpg,//d22dk94hfc1k6q.cloudfront.net/pa/750-560/337957/41199457/41199457_1616641969_357.jpg,//d22dk94hfc1k6q.cloudfront.net/pa/750-560/337957/41199457/41199457_1616641969_509.jpg,//d22dk94hfc1k6q.cloudfront.net/pa/750-560/337957/41199457/41199457_1616641969_759.jpg,//d22dk94hfc1k6q.cloudfront.net/pa/750-560/337957/41199457/41199457_1616641969_678.jpg,//d22dk94hfc1k6q.cloudfront.net/pa/750-560/337957/41199457/41199457_1616641969_974.jpg",,Trucks,Trucks,,,,Chevrolet C3500 ,https://www.truckscorner.com/auction/trucks-1/41199457/chevrolet-c3500-n-a.html,"
                    ",Chevrolet,C3500,,,,,"
                    ",,//d22dk94hfc1k6q.cloudfront.net/none/220-160/337957/41199457/41199457_1616641969_652.jpg,,,,,,,,,,,,,,,,,,,"
                    ",,,RITCHIE BROS AUCTIONEERS,,,,,,,,,,2007
,auction,USA,,,,"//d22dk94hfc1k6q.cloudfront.net/pa/750-560/337957/41199522/41199522_1616642149_341.jpg,//d22dk94hfc1k6q.cloudfront.net/pa/750-560/337957/41199522/41199522_1616642149_217.jpg,//d22dk94hfc1k6q.cloudfront.net/pa/750-560/337957/41199522/41199522_1616642149_701.jpg,//d22dk94hfc1k6q.cloudfront.net/pa/750-560/337957/41199522/41199522_1616642149_73.jpg,//d22dk94hfc1k6q.cloudfront.net/pa/750-560/337957/41199522/41199522_1616642149_154.jpg,//d22dk94hfc1k6q.cloudfront.net/pa/750-560/337957/41199522/41199522_1616642149_757.jpg,//d22dk94hfc1k6q.cloudfront.net/pa/750-560/337957/41199522/41199522_1616642149_889.jpg,//d22dk94hfc1k6q.cloudfront.net/pa/750-560/337957/41199522/41199522_1616642149_421.jpg,//d22dk94hfc1k6q.cloudfront.net/pa/750-560/337957/41199522/41199522_1616642149_354.jpg,//d22dk94hfc1k6q.cloudfront.net/pa/750-560/337957/41199522/41199522_1616642149_681.jpg",,Trucks,Trucks,,,,Freightliner M2106 ,https://www.truckscorner.com/auction/trucks-1/41199522/freightliner-m2106-n-a.html,"
                    ",Freightliner,M2106,,,,,"
                    ",,//d22dk94hfc1k6q.cloudfront.net/none/220-160/337957/41199522/41199522_1616642149_341.jpg,,,,,,,,,,,,,,,,,,,"
                    ",,,RITCHIE BROS AUCTIONEERS,,,,,,,,,,2011
,auction,USA,,,,"//d22dk94hfc1k6q.cloudfront.net/pa/750-560/337957/41199183/41199183_1616641495_149.jpg,//d22dk94hfc1k6q.cloudfront.net/pa/750-560/337957/41199183/41199183_1616641495_891.jpg,//d22dk94hfc1k6q.cloudfront.net/pa/750-560/337957/41199183/41199183_1616641495_63.jpg,//d22dk94hfc1k6q.cloudfront.net/pa/750-560/337957/41199183/41199183_1616641495_574.jpg,//d22dk94hfc1k6q.cloudfront.net/pa/750-560/337957/41199183/41199183_1616641495_702.jpg,//d22dk94hfc1k6q.cloudfront.net/pa/750-560/337957/41199183/41199183_1616641495_997.jpg,//d22dk94hfc1k6q.cloudfront.net/pa/750-560/337957/41199183/41199183_1616641495_563.jpg",,Trucks,Trucks,,,,Freightliner M2 ,https://www.truckscorner.com/auction/trucks-1/41199183/freightliner-m2-n-a.html,"
                    ",Freightliner,M2,,,,,"
                    ",,//d22dk94hfc1k6q.cloudfront.net/none/220-160/337957/41199183/41199183_1616641495_149.jpg,,,,,,,,,,,,,,,,,,,"
                    ",,,RITCHIE BROS AUCTIONEERS,,,,,,,,,,2013
,auction,USA,,,,"//d22dk94hfc1k6q.cloudfront.net/pa/750-560/337957/41199529/41199529_1616642165_294.jpg,//d22dk94hfc1k6q.cloudfront.net/pa/750-560/337957/41199529/41199529_1616642165_580.jpg,//d22dk94hfc1k6q.cloudfront.net/pa/750-560/337957/41199529/41199529_1616642165_948.jpg,//d22dk94hfc1k6q.cloudfront.net/pa/750-560/337957/41199529/41199529_1616642165_774.jpg,//d22dk94hfc1k6q.cloudfront.net/pa/750-560/337957/41199529/41199529_1616642165_835.jpg,//d22dk94hfc1k6q.cloudfront.net/pa/750-560/337957/41199529/41199529_1616642165_19.jpg,//d22dk94hfc1k6q.cloudfront.net/pa/750-560/337957/41199529/41199529_1616642165_424.jpg,//d22dk94hfc1k6q.cloudfront.net/pa/750-560/337957/41199529/41199529_1616642165_320.jpg,//d22dk94hfc1k6q.cloudfront.net/pa/750-560/337957/41199529/41199529_1616642165_878.jpg,//d22dk94hfc1k6q.cloudfront.net/pa/750-560/337957/41199529/41199529_1616642165_468.jpg",,Trucks,Trucks,,,,Kenworth T/A ,https://www.truckscorner.com/auction/trucks-1/41199529/kenworth-t-a-n-a.html,"
                    ",Kenworth,T/A,,,,,"
                    ",,//d22dk94hfc1k6q.cloudfront.net/none/220-160/337957/41199529/41199529_1616642165_294.jpg,,,,,,,,,,,,,,,,,,,"
                    ",,,RITCHIE BROS AUCTIONEERS,,,,,,,,,,1996
,auction,USA,,,,"//d22dk94hfc1k6q.cloudfront.net/pa/750-560/337957/41199543/41199543_1616642193_567.jpg,//d22dk94hfc1k6q.cloudfront.net/pa/750-560/337957/41199543/41199543_1616642193_833.jpg,//d22dk94hfc1k6q.cloudfront.net/pa/750-560/337957/41199543/41199543_1616642193_275.jpg,//d22dk94hfc1k6q.cloudfront.net/pa/750-560/337957/41199543/41199543_1616642193_816.jpg,//d22dk94hfc1k6q.cloudfront.net/pa/750-560/337957/41199543/41199543_1616642193_726.jpg,//d22dk94hfc1k6q.cloudfront.net/pa/750-560/337957/41199543/41199543_1616642193_330.jpg",,Trucks,Trucks,,,,Dodge 3500 ,https://www.truckscorner.com/auction/trucks-1/41199543/dodge-3500-n-a.html,"
                    ",Dodge,3500,,,,,"
                    ",,//d22dk94hfc1k6q.cloudfront.net/none/220-160/337957/41199543/41199543_1616642193_567.jpg,,,,,,,,,,,,,,,,,,,"
                    ",,,RITCHIE BROS AUCTIONEERS,,,,,,,,,,2007
,auction,USA,,,,"//d22dk94hfc1k6q.cloudfront.net/pa/750-560/337957/41199595/41199595_1616642281_85.jpg,//d22dk94hfc1k6q.cloudfront.net/pa/750-560/337957/41199595/41199595_1616642281_456.jpg,//d22dk94hfc1k6q.cloudfront.net/pa/750-560/337957/41199595/41199595_1616642281_115.jpg,//d22dk94hfc1k6q.cloudfront.net/pa/750-560/337957/41199595/41199595_1616642281_293.jpg,//d22dk94hfc1k6q.cloudfront.net/pa/750-560/337957/41199595/41199595_1616642281_299.jpg,//d22dk94hfc1k6q.cloudfront.net/pa/750-560/337957/41199595/41199595_1616642281_535.jpg,//d22dk94hfc1k6q.cloudfront.net/pa/750-560/337957/41199595/41199595_1616642281_470.jpg,//d22dk94hfc1k6q.cloudfront.net/pa/750-560/337957/41199595/41199595_1616642281_997.jpg,//d22dk94hfc1k6q.cloudfront.net/pa/750-560/337957/41199595/41199595_1616642281_580.jpg,//d22dk94hfc1k6q.cloudfront.net/pa/750-560/337957/41199595/41199595_1616642281_305.jpg",,Trucks,Trucks,,,,International 4300SBA S/A ,https://www.truckscorner.com/auction/trucks-1/41199595/international-4300sba-s-a-n-a.html,"
                    ",International,4300SBA S/A,,,,,"
                    ",,//d22dk94hfc1k6q.cloudfront.net/none/220-160/337957/41199595/41199595_1616642281_85.jpg,,,,,,,,,,,,,,,,,,,"
                    ",,,RITCHIE BROS AUCTIONEERS,,,,,,,,,,2007
,auction,USA,,,,"//d22dk94hfc1k6q.cloudfront.net/pa/750-560/337957/41199597/41199597_1616642287_259.jpg,//d22dk94hfc1k6q.cloudfront.net/pa/750-560/337957/41199597/41199597_1616642287_388.jpg,//d22dk94hfc1k6q.cloudfront.net/pa/750-560/337957/41199597/41199597_1616642287_905.jpg,//d22dk94hfc1k6q.cloudfront.net/pa/750-560/337957/41199597/41199597_1616642287_889.jpg,//d22dk94hfc1k6q.cloudfront.net/pa/750-560/337957/41199597/41199597_1616642287_856.jpg,//d22dk94hfc1k6q.cloudfront.net/pa/750-560/337957/41199597/41199597_1616642287_888.jpg,//d22dk94hfc1k6q.cloudfront.net/pa/750-560/337957/41199597/41199597_1616642287_263.jpg",,Trucks,Trucks,,,,International 7600 ,https://www.truckscorner.com/auction/trucks-1/41199597/international-7600-n-a.html,"
                    ",International,7600,,,,,"
                    ",,//d22dk94hfc1k6q.cloudfront.net/none/220-160/337957/41199597/41199597_1616642287_259.jpg,,,,,,,,,,,,,,,,,,,"
                    ",,,RITCHIE BROS AUCTIONEERS,,,,,,,,,,2009
,auction,USA,,,,"//d22dk94hfc1k6q.cloudfront.net/pa/750-560/337957/41199596/41199596_1616642284_913.jpg,//d22dk94hfc1k6q.cloudfront.net/pa/750-560/337957/41199596/41199596_1616642284_502.jpg,//d22dk94hfc1k6q.cloudfront.net/pa/750-560/337957/41199596/41199596_1616642284_871.jpg,//d22dk94hfc1k6q.cloudfront.net/pa/750-560/337957/41199596/41199596_1616642284_469.jpg,//d22dk94hfc1k6q.cloudfront.net/pa/750-560/337957/41199596/41199596_1616642284_760.jpg,//d22dk94hfc1k6q.cloudfront.net/pa/750-560/337957/41199596/41199596_1616642284_346.jpg,//d22dk94hfc1k6q.cloudfront.net/pa/750-560/337957/41199596/41199596_1616642284_968.jpg,//d22dk94hfc1k6q.cloudfront.net/pa/750-560/337957/41199596/41199596_1616642284_716.jpg,//d22dk94hfc1k6q.cloudfront.net/pa/750-560/337957/41199596/41199596_1616642284_714.jpg,//d22dk94hfc1k6q.cloudfront.net/pa/750-560/337957/41199596/41199596_1616642284_675.jpg",,Trucks,Trucks,,,,International 4300SBA S/A ,https://www.truckscorner.com/auction/trucks-1/41199596/international-4300sba-s-a-n-a.html,"
                    ",International,4300SBA S/A,,,,,"
                    ",,//d22dk94hfc1k6q.cloudfront.net/none/220-160/337957/41199596/41199596_1616642284_913.jpg,,,,,,,,,,,,,,,,,,,"
                    ",,,RITCHIE BROS AUCTIONEERS,,,,,,,,,,2006
,auction,USA,,,,"//d22dk94hfc1k6q.cloudfront.net/pa/750-560/337957/41199594/41199594_1616642278_62.jpg,//d22dk94hfc1k6q.cloudfront.net/pa/750-560/337957/41199594/41199594_1616642278_783.jpg,//d22dk94hfc1k6q.cloudfront.net/pa/750-560/337957/41199594/41199594_1616642278_594.jpg,//d22dk94hfc1k6q.cloudfront.net/pa/750-560/337957/41199594/41199594_1616642278_268.jpg,//d22dk94hfc1k6q.cloudfront.net/pa/750-560/337957/41199594/41199594_1616642278_810.jpg,//d22dk94hfc1k6q.cloudfront.net/pa/750-560/337957/41199594/41199594_1616642278_921.jpg,//d22dk94hfc1k6q.cloudfront.net/pa/750-560/337957/41199594/41199594_1616642278_821.jpg,//d22dk94hfc1k6q.cloudfront.net/pa/750-560/337957/41199594/41199594_1616642278_297.jpg,//d22dk94hfc1k6q.cloudfront.net/pa/750-560/337957/41199594/41199594_1616642278_24.jpg,//d22dk94hfc1k6q.cloudfront.net/pa/750-560/337957/41199594/41199594_1616642278_822.jpg",,Trucks,Trucks,,,,International 4300SBA S/A ,https://www.truckscorner.com/auction/trucks-1/41199594/international-4300sba-s-a-n-a.html,"
                    ",International,4300SBA S/A,,,,,"
                    ",,//d22dk94hfc1k6q.cloudfront.net/none/220-160/337957/41199594/41199594_1616642278_62.jpg,,,,,,,,,,,,,,,,,,,"
                    ",,,RITCHIE BROS AUCTIONEERS,,,,,,,,,,2006
,auction,USA,,,,"//d22dk94hfc1k6q.cloudfront.net/pa/750-560/337957/41199601/41199601_1616642294_793.jpg,//d22dk94hfc1k6q.cloudfront.net/pa/750-560/337957/41199601/41199601_1616642294_13.jpg,//d22dk94hfc1k6q.cloudfront.net/pa/750-560/337957/41199601/41199601_1616642294_701.jpg,//d22dk94hfc1k6q.cloudfront.net/pa/750-560/337957/41199601/41199601_1616642294_668.jpg,//d22dk94hfc1k6q.cloudfront.net/pa/750-560/337957/41199601/41199601_1616642294_666.jpg,//d22dk94hfc1k6q.cloudfront.net/pa/750-560/337957/41199601/41199601_1616642294_512.jpg,//d22dk94hfc1k6q.cloudfront.net/pa/750-560/337957/41199601/41199601_1616642294_340.jpg",,Trucks,Trucks,,,,Mack CV713 ,https://www.truckscorner.com/auction/trucks-1/41199601/mack-cv713-n-a.html,"
                    ",Mack,CV713,,,,,"
                    ",,//d22dk94hfc1k6q.cloudfront.net/none/220-160/337957/41199601/41199601_1616642294_793.jpg,,,,,,,,,,,,,,,,,,,"
                    ",,,RITCHIE BROS AUCTIONEERS,,,,,,,,,,2006
,auction,USA,,,,"//d22dk94hfc1k6q.cloudfront.net/pa/750-560/337957/41199652/41199652_1616642408_676.jpg,//d22dk94hfc1k6q.cloudfront.net/pa/750-560/337957/41199652/41199652_1616642408_922.jpg,//d22dk94hfc1k6q.cloudfront.net/pa/750-560/337957/41199652/41199652_1616642408_355.jpg,//d22dk94hfc1k6q.cloudfront.net/pa/750-560/337957/41199652/41199652_1616642408_512.jpg,//d22dk94hfc1k6q.cloudfront.net/pa/750-560/337957/41199652/41199652_1616642408_826.jpg,//d22dk94hfc1k6q.cloudfront.net/pa/750-560/337957/41199652/41199652_1616642408_503.jpg,//d22dk94hfc1k6q.cloudfront.net/pa/750-560/337957/41199652/41199652_1616642408_474.jpg,//d22dk94hfc1k6q.cloudfront.net/pa/750-560/337957/41199652/41199652_1616642408_873.jpg,//d22dk94hfc1k6q.cloudfront.net/pa/750-560/337957/41199652/41199652_1616642408_635.jpg,//d22dk94hfc1k6q.cloudfront.net/pa/750-560/337957/41199652/41199652_1616642408_679.jpg",,Trucks,Trucks,,,,International 7600 ,https://www.truckscorner.com/auction/trucks-1/41199652/international-7600-n-a.html,"
                    ",International,7600,,,,,"
                    ",,//d22dk94hfc1k6q.cloudfront.net/none/220-160/337957/41199652/41199652_1616642408_676.jpg,,,,,,,,,,,,,,,,,,,"
                    ",,,RITCHIE BROS AUCTIONEERS,,,,,,,,,,2008
,auction,USA,,,,"//d22dk94hfc1k6q.cloudfront.net/pa/750-560/337957/41199645/41199645_1616642393_349.jpg,//d22dk94hfc1k6q.cloudfront.net/pa/750-560/337957/41199645/41199645_1616642393_63.jpg,//d22dk94hfc1k6q.cloudfront.net/pa/750-560/337957/41199645/41199645_1616642393_705.jpg,//d22dk94hfc1k6q.cloudfront.net/pa/750-560/337957/41199645/41199645_1616642393_174.jpg,//d22dk94hfc1k6q.cloudfront.net/pa/750-560/337957/41199645/41199645_1616642393_436.jpg,//d22dk94hfc1k6q.cloudfront.net/pa/750-560/337957/41199645/41199645_1616642393_293.jpg,//d22dk94hfc1k6q.cloudfront.net/pa/750-560/337957/41199645/41199645_1616642393_284.jpg",,Trucks,Trucks,,,,Ford F550 XL ,https://www.truckscorner.com/auction/trucks-1/41199645/ford-f550-xl-n-a.html,"
                    ",Ford,F550 XL,,,,,"
                    ",,//d22dk94hfc1k6q.cloudfront.net/none/220-160/337957/41199645/41199645_1616642393_349.jpg,,,,,,,,,,,,,,,,,,,"
                    ",,,RITCHIE BROS AUCTIONEERS,,,,,,,,,,2004
,auction,USA,,,,"//d22dk94hfc1k6q.cloudfront.net/pa/750-560/337957/41199654/41199654_1616642414_770.jpg,//d22dk94hfc1k6q.cloudfront.net/pa/750-560/337957/41199654/41199654_1616642414_952.jpg,//d22dk94hfc1k6q.cloudfront.net/pa/750-560/337957/41199654/41199654_1616642414_941.jpg,//d22dk94hfc1k6q.cloudfront.net/pa/750-560/337957/41199654/41199654_1616642414_385.jpg,//d22dk94hfc1k6q.cloudfront.net/pa/750-560/337957/41199654/41199654_1616642414_451.jpg,//d22dk94hfc1k6q.cloudfront.net/pa/750-560/337957/41199654/41199654_1616642414_457.jpg,//d22dk94hfc1k6q.cloudfront.net/pa/750-560/337957/41199654/41199654_1616642414_139.jpg",,Trucks,Trucks,,,,International 4900 ,https://www.truckscorner.com/auction/trucks-1/41199654/international-4900-n-a.html,"
                    ",International,4900,,,,,"
                    ",,//d22dk94hfc1k6q.cloudfront.net/none/220-160/337957/41199654/41199654_1616642414_770.jpg,,,,,,,,,,,,,,,,,,,"
                    ",,,RITCHIE BROS AUCTIONEERS,,,,,,,,,,2001
,auction,USA,,,,"//d22dk94hfc1k6q.cloudfront.net/pa/750-560/337957/41199743/41199743_1616642580_686.jpg,//d22dk94hfc1k6q.cloudfront.net/pa/750-560/337957/41199743/41199743_1616642580_598.jpg,//d22dk94hfc1k6q.cloudfront.net/pa/750-560/337957/41199743/41199743_1616642580_137.jpg,//d22dk94hfc1k6q.cloudfront.net/pa/750-560/337957/41199743/41199743_1616642580_509.jpg,//d22dk94hfc1k6q.cloudfront.net/pa/750-560/337957/41199743/41199743_1616642580_36.jpg,//d22dk94hfc1k6q.cloudfront.net/pa/750-560/337957/41199743/41199743_1616642580_776.jpg,//d22dk94hfc1k6q.cloudfront.net/pa/750-560/337957/41199743/41199743_1616642580_537.jpg,//d22dk94hfc1k6q.cloudfront.net/pa/750-560/337957/41199743/41199743_1616642580_39.jpg,//d22dk94hfc1k6q.cloudfront.net/pa/750-560/337957/41199743/41199743_1616642580_951.jpg,//d22dk94hfc1k6q.cloudfront.net/pa/750-560/337957/41199743/41199743_1616642580_735.jpg",,Trucks,Trucks,,,,Kenworth T800B ,https://www.truckscorner.com/auction/trucks-1/41199743/kenworth-t800b-n-a.html,"
                    ",Kenworth,T800B,,,,,"
                    ",,//d22dk94hfc1k6q.cloudfront.net/none/220-160/337957/41199743/41199743_1616642580_686.jpg,,,,,,,,,,,,,,,,,,,"
                    ",,,RITCHIE BROS AUCTIONEERS,,,,,,,,,,2001
,auction,USA,,,,"//d22dk94hfc1k6q.cloudfront.net/pa/750-560/337957/41199653/41199653_1616642411_593.jpg,//d22dk94hfc1k6q.cloudfront.net/pa/750-560/337957/41199653/41199653_1616642411_482.jpg,//d22dk94hfc1k6q.cloudfront.net/pa/750-560/337957/41199653/41199653_1616642411_495.jpg,//d22dk94hfc1k6q.cloudfront.net/pa/750-560/337957/41199653/41199653_1616642411_378.jpg,//d22dk94hfc1k6q.cloudfront.net/pa/750-560/337957/41199653/41199653_1616642411_2.jpg,//d22dk94hfc1k6q.cloudfront.net/pa/750-560/337957/41199653/41199653_1616642411_640.jpg,//d22dk94hfc1k6q.cloudfront.net/pa/750-560/337957/41199653/41199653_1616642411_605.jpg,//d22dk94hfc1k6q.cloudfront.net/pa/750-560/337957/41199653/41199653_1616642411_800.jpg",,Trucks,Trucks,,,,Sterling L9500 ,https://www.truckscorner.com/auction/trucks-1/41199653/sterling-l9500-n-a.html,"
                    ",Sterling,L9500,,,,,"
                    ",,//d22dk94hfc1k6q.cloudfront.net/none/220-160/337957/41199653/41199653_1616642411_593.jpg,,,,,,,,,,,,,,,,,,,"
                    ",,,RITCHIE BROS AUCTIONEERS,,,,,,,,,,2004
,auction,USA,,,,"//d22dk94hfc1k6q.cloudfront.net/pa/750-560/337957/41199657/41199657_1616642420_620.jpg,//d22dk94hfc1k6q.cloudfront.net/pa/750-560/337957/41199657/41199657_1616642420_440.jpg,//d22dk94hfc1k6q.cloudfront.net/pa/750-560/337957/41199657/41199657_1616642420_439.jpg,//d22dk94hfc1k6q.cloudfront.net/pa/750-560/337957/41199657/41199657_1616642420_722.jpg,//d22dk94hfc1k6q.cloudfront.net/pa/750-560/337957/41199657/41199657_1616642420_598.jpg,//d22dk94hfc1k6q.cloudfront.net/pa/750-560/337957/41199657/41199657_1616642420_868.jpg,//d22dk94hfc1k6q.cloudfront.net/pa/750-560/337957/41199657/41199657_1616642420_483.jpg",,Trucks,Trucks,,,,Ford F750 XL ,https://www.truckscorner.com/auction/trucks-1/41199657/ford-f750-xl-n-a.html,"
                    ",Ford,F750 XL,,,,,"
                    ",,//d22dk94hfc1k6q.cloudfront.net/none/220-160/337957/41199657/41199657_1616642420_620.jpg,,,,,,,,,,,,,,,,,,,"
                    ",,,RITCHIE BROS AUCTIONEERS,,,,,,,,,,2008
,auction,USA,,,,"//d22dk94hfc1k6q.cloudfront.net/pa/750-560/337957/41199655/41199655_1616642416_915.jpg,//d22dk94hfc1k6q.cloudfront.net/pa/750-560/337957/41199655/41199655_1616642416_261.jpg,//d22dk94hfc1k6q.cloudfront.net/pa/750-560/337957/41199655/41199655_1616642416_10.jpg,//d22dk94hfc1k6q.cloudfront.net/pa/750-560/337957/41199655/41199655_1616642416_740.jpg,//d22dk94hfc1k6q.cloudfront.net/pa/750-560/337957/41199655/41199655_1616642416_793.jpg,//d22dk94hfc1k6q.cloudfront.net/pa/750-560/337957/41199655/41199655_1616642416_673.jpg,//d22dk94hfc1k6q.cloudfront.net/pa/750-560/337957/41199655/41199655_1616642416_160.jpg",,Trucks,Trucks,,,,Sterling LT7501 ,https://www.truckscorner.com/auction/trucks-1/41199655/sterling-lt7501-n-a.html,"
                    ",Sterling,LT7501,,,,,"
                    ",,//d22dk94hfc1k6q.cloudfront.net/none/220-160/337957/41199655/41199655_1616642416_915.jpg,,,,,,,,,,,,,,,,,,,"
                    ",,,RITCHIE BROS AUCTIONEERS,,,,,,,,,,2002
,auction,USA,,,,"//d22dk94hfc1k6q.cloudfront.net/pa/750-560/337957/41199771/41199771_1616642630_109.jpg,//d22dk94hfc1k6q.cloudfront.net/pa/750-560/337957/41199771/41199771_1616642630_569.jpg,//d22dk94hfc1k6q.cloudfront.net/pa/750-560/337957/41199771/41199771_1616642630_658.jpg,//d22dk94hfc1k6q.cloudfront.net/pa/750-560/337957/41199771/41199771_1616642630_311.jpg,//d22dk94hfc1k6q.cloudfront.net/pa/750-560/337957/41199771/41199771_1616642630_631.jpg,//d22dk94hfc1k6q.cloudfront.net/pa/750-560/337957/41199771/41199771_1616642630_782.jpg,//d22dk94hfc1k6q.cloudfront.net/pa/750-560/337957/41199771/41199771_1616642630_693.jpg,//d22dk94hfc1k6q.cloudfront.net/pa/750-560/337957/41199771/41199771_1616642630_71.jpg,//d22dk94hfc1k6q.cloudfront.net/pa/750-560/337957/41199771/41199771_1616642630_261.jpg,//d22dk94hfc1k6q.cloudfront.net/pa/750-560/337957/41199771/41199771_1616642630_917.jpg",,Trucks,Trucks,,,,International 2554 ,https://www.truckscorner.com/auction/trucks-1/41199771/international-2554-n-a.html,"
                    ",International,2554,,,,,"
                    ",,//d22dk94hfc1k6q.cloudfront.net/none/220-160/337957/41199771/41199771_1616642630_109.jpg,,,,,,,,,,,,,,,,,,,"
                    ",,,RITCHIE BROS AUCTIONEERS,,,,,,,,,,1999
,auction,USA,,,,"//d22dk94hfc1k6q.cloudfront.net/pa/750-560/337957/41199773/41199773_1616642636_723.jpg,//d22dk94hfc1k6q.cloudfront.net/pa/750-560/337957/41199773/41199773_1616642636_188.jpg,//d22dk94hfc1k6q.cloudfront.net/pa/750-560/337957/41199773/41199773_1616642636_192.jpg,//d22dk94hfc1k6q.cloudfront.net/pa/750-560/337957/41199773/41199773_1616642636_990.jpg,//d22dk94hfc1k6q.cloudfront.net/pa/750-560/337957/41199773/41199773_1616642636_548.jpg,//d22dk94hfc1k6q.cloudfront.net/pa/750-560/337957/41199773/41199773_1616642636_246.jpg,//d22dk94hfc1k6q.cloudfront.net/pa/750-560/337957/41199773/41199773_1616642636_224.jpg,//d22dk94hfc1k6q.cloudfront.net/pa/750-560/337957/41199773/41199773_1616642636_392.jpg,//d22dk94hfc1k6q.cloudfront.net/pa/750-560/337957/41199773/41199773_1616642636_451.jpg,//d22dk94hfc1k6q.cloudfront.net/pa/750-560/337957/41199773/41199773_1616642636_836.jpg",,Trucks,Trucks,,,,International 2554 ,https://www.truckscorner.com/auction/trucks-1/41199773/international-2554-n-a.html,"
                    ",International,2554,,,,,"
                    ",,//d22dk94hfc1k6q.cloudfront.net/none/220-160/337957/41199773/41199773_1616642636_723.jpg,,,,,,,,,,,,,,,,,,,"
                    ",,,RITCHIE BROS AUCTIONEERS,,,,,,,,,,1999
,auction,USA,,,,"//d22dk94hfc1k6q.cloudfront.net/pa/750-560/337957/41199800/41199800_1616642684_699.jpg,//d22dk94hfc1k6q.cloudfront.net/pa/750-560/337957/41199800/41199800_1616642684_649.jpg,//d22dk94hfc1k6q.cloudfront.net/pa/750-560/337957/41199800/41199800_1616642684_532.jpg,//d22dk94hfc1k6q.cloudfront.net/pa/750-560/337957/41199800/41199800_1616642684_236.jpg,//d22dk94hfc1k6q.cloudfront.net/pa/750-560/337957/41199800/41199800_1616642684_498.jpg,//d22dk94hfc1k6q.cloudfront.net/pa/750-560/337957/41199800/41199800_1616642684_601.jpg,//d22dk94hfc1k6q.cloudfront.net/pa/750-560/337957/41199800/41199800_1616642684_207.jpg",,Trucks,Trucks,,,,Ford F550 ,https://www.truckscorner.com/auction/trucks-1/41199800/ford-f550-n-a.html,"
                    ",Ford,F550,,,,,"
                    ",,//d22dk94hfc1k6q.cloudfront.net/none/220-160/337957/41199800/41199800_1616642684_699.jpg,,,,,,,,,,,,,,,,,,,"
                    ",,,RITCHIE BROS AUCTIONEERS,,,,,,,,,,2007
,auction,USA,,,,"//d22dk94hfc1k6q.cloudfront.net/pa/750-560/337957/41199801/41199801_1616642687_912.jpg,//d22dk94hfc1k6q.cloudfront.net/pa/750-560/337957/41199801/41199801_1616642687_597.jpg,//d22dk94hfc1k6q.cloudfront.net/pa/750-560/337957/41199801/41199801_1616642687_82.jpg,//d22dk94hfc1k6q.cloudfront.net/pa/750-560/337957/41199801/41199801_1616642687_650.jpg,//d22dk94hfc1k6q.cloudfront.net/pa/750-560/337957/41199801/41199801_1616642687_961.jpg,//d22dk94hfc1k6q.cloudfront.net/pa/750-560/337957/41199801/41199801_1616642687_566.jpg,//d22dk94hfc1k6q.cloudfront.net/pa/750-560/337957/41199801/41199801_1616642687_310.jpg",,Trucks,Trucks,,,,International 4400SBA Others,https://www.truckscorner.com/auction/trucks-1/41199801/international-4400sba-others.html,"
                    ",International,4400SBA,,,,,"
                    ",,//d22dk94hfc1k6q.cloudfront.net/none/220-160/337957/41199801/41199801_1616642687_912.jpg,,,,,,,,,,,,,,,,,,,"
                    ",,,RITCHIE BROS AUCTIONEERS,,,,,,,,,,2009
,auction,USA,,,,"//d22dk94hfc1k6q.cloudfront.net/pa/750-560/337957/41199813/41199813_1616642717_972.jpg,//d22dk94hfc1k6q.cloudfront.net/pa/750-560/337957/41199813/41199813_1616642717_240.jpg,//d22dk94hfc1k6q.cloudfront.net/pa/750-560/337957/41199813/41199813_1616642717_50.jpg,//d22dk94hfc1k6q.cloudfront.net/pa/750-560/337957/41199813/41199813_1616642717_162.jpg,//d22dk94hfc1k6q.cloudfront.net/pa/750-560/337957/41199813/41199813_1616642717_42.jpg,//d22dk94hfc1k6q.cloudfront.net/pa/750-560/337957/41199813/41199813_1616642717_144.jpg,//d22dk94hfc1k6q.cloudfront.net/pa/750-560/337957/41199813/41199813_1616642717_411.jpg,//d22dk94hfc1k6q.cloudfront.net/pa/750-560/337957/41199813/41199813_1616642717_570.jpg,//d22dk94hfc1k6q.cloudfront.net/pa/750-560/337957/41199813/41199813_1616642717_994.jpg,//d22dk94hfc1k6q.cloudfront.net/pa/750-560/337957/41199813/41199813_1616642717_316.jpg",,Trucks,Trucks,,,,Ford LTS9000 ,https://www.truckscorner.com/auction/trucks-1/41199813/ford-lts9000-n-a.html,"
                    ",Ford,LTS9000,,,,,"
                    ",,//d22dk94hfc1k6q.cloudfront.net/none/220-160/337957/41199813/41199813_1616642717_972.jpg,,,,,,,,,,,,,,,,,,,"
                    ",,,RITCHIE BROS AUCTIONEERS,,,,,,,,,,1992
,auction,USA,,,,"//d22dk94hfc1k6q.cloudfront.net/pa/750-560/337957/41199954/41199954_1616642968_869.jpg,//d22dk94hfc1k6q.cloudfront.net/pa/750-560/337957/41199954/41199954_1616642968_992.jpg,//d22dk94hfc1k6q.cloudfront.net/pa/750-560/337957/41199954/41199954_1616642968_555.jpg,//d22dk94hfc1k6q.cloudfront.net/pa/750-560/337957/41199954/41199954_1616642968_122.jpg,//d22dk94hfc1k6q.cloudfront.net/pa/750-560/337957/41199954/41199954_1616642968_150.jpg,//d22dk94hfc1k6q.cloudfront.net/pa/750-560/337957/41199954/41199954_1616642968_505.jpg,//d22dk94hfc1k6q.cloudfront.net/pa/750-560/337957/41199954/41199954_1616642968_252.jpg",,Trucks,Trucks,,,,Mack CV713 ,https://www.truckscorner.com/auction/trucks-1/41199954/mack-cv713-n-a.html,"
                    ",Mack,CV713,,,,,"
                    ",,//d22dk94hfc1k6q.cloudfront.net/none/220-160/337957/41199954/41199954_1616642968_869.jpg,,,,,,,,,,,,,,,,,,,"
                    ",,,RITCHIE BROS AUCTIONEERS,,,,,,,,,,2006
,auction,USA,,,,"//d22dk94hfc1k6q.cloudfront.net/pa/750-560/337957/41199882/41199882_1616642822_230.jpg,//d22dk94hfc1k6q.cloudfront.net/pa/750-560/337957/41199882/41199882_1616642822_748.jpg,//d22dk94hfc1k6q.cloudfront.net/pa/750-560/337957/41199882/41199882_1616642822_978.jpg,//d22dk94hfc1k6q.cloudfront.net/pa/750-560/337957/41199882/41199882_1616642822_701.jpg,//d22dk94hfc1k6q.cloudfront.net/pa/750-560/337957/41199882/41199882_1616642822_715.jpg,//d22dk94hfc1k6q.cloudfront.net/pa/750-560/337957/41199882/41199882_1616642822_108.jpg,//d22dk94hfc1k6q.cloudfront.net/pa/750-560/337957/41199882/41199882_1616642822_599.jpg,//d22dk94hfc1k6q.cloudfront.net/pa/750-560/337957/41199882/41199882_1616642822_929.jpg,//d22dk94hfc1k6q.cloudfront.net/pa/750-560/337957/41199882/41199882_1616642822_791.jpg,//d22dk94hfc1k6q.cloudfront.net/pa/750-560/337957/41199882/41199882_1616642822_193.jpg",,Trucks,Trucks,,,,GMC W4500 Others,https://www.truckscorner.com/auction/trucks-1/41199882/gmc-w4500-others.html,"
                    ",GMC,W4500,,,,,"
                    ",,//d22dk94hfc1k6q.cloudfront.net/none/220-160/337957/41199882/41199882_1616642822_230.jpg,,,,,,,,,,,,,,,,,,,"
                    ",,,RITCHIE BROS AUCTIONEERS,,,,,,,,,,2007
,auction,USA,,,,"//d22dk94hfc1k6q.cloudfront.net/pa/750-560/337957/41199967/41199967_1616643005_321.jpg,//d22dk94hfc1k6q.cloudfront.net/pa/750-560/337957/41199967/41199967_1616643005_938.jpg,//d22dk94hfc1k6q.cloudfront.net/pa/750-560/337957/41199967/41199967_1616643005_968.jpg,//d22dk94hfc1k6q.cloudfront.net/pa/750-560/337957/41199967/41199967_1616643005_192.jpg,//d22dk94hfc1k6q.cloudfront.net/pa/750-560/337957/41199967/41199967_1616643005_864.jpg,//d22dk94hfc1k6q.cloudfront.net/pa/750-560/337957/41199967/41199967_1616643005_910.jpg,//d22dk94hfc1k6q.cloudfront.net/pa/750-560/337957/41199967/41199967_1616643005_552.jpg,//d22dk94hfc1k6q.cloudfront.net/pa/750-560/337957/41199967/41199967_1616643005_785.jpg,//d22dk94hfc1k6q.cloudfront.net/pa/750-560/337957/41199967/41199967_1616643005_348.jpg,//d22dk94hfc1k6q.cloudfront.net/pa/750-560/337957/41199967/41199967_1616643005_686.jpg",,Trucks,Trucks,,,,International 4900 S/A ,https://www.truckscorner.com/auction/trucks-1/41199967/international-4900-s-a-n-a.html,"
                    ",International,4900 S/A,,,,,"
                    ",,//d22dk94hfc1k6q.cloudfront.net/none/220-160/337957/41199967/41199967_1616643005_321.jpg,,,,,,,,,,,,,,,,,,,"
                    ",,,RITCHIE BROS AUCTIONEERS,,,,,,,,,,1996
,auction,USA,,,,"//d22dk94hfc1k6q.cloudfront.net/pa/750-560/337957/41199881/41199881_1616642819_416.jpg,//d22dk94hfc1k6q.cloudfront.net/pa/750-560/337957/41199881/41199881_1616642819_236.jpg,//d22dk94hfc1k6q.cloudfront.net/pa/750-560/337957/41199881/41199881_1616642819_676.jpg,//d22dk94hfc1k6q.cloudfront.net/pa/750-560/337957/41199881/41199881_1616642819_901.jpg,//d22dk94hfc1k6q.cloudfront.net/pa/750-560/337957/41199881/41199881_1616642819_373.jpg,//d22dk94hfc1k6q.cloudfront.net/pa/750-560/337957/41199881/41199881_1616642819_776.jpg,//d22dk94hfc1k6q.cloudfront.net/pa/750-560/337957/41199881/41199881_1616642819_120.jpg,//d22dk94hfc1k6q.cloudfront.net/pa/750-560/337957/41199881/41199881_1616642819_246.jpg,//d22dk94hfc1k6q.cloudfront.net/pa/750-560/337957/41199881/41199881_1616642819_853.jpg,//d22dk94hfc1k6q.cloudfront.net/pa/750-560/337957/41199881/41199881_1616642819_233.jpg",,Trucks,Trucks,,,,GMC W5500 Others,https://www.truckscorner.com/auction/trucks-1/41199881/gmc-w5500-others.html,"
                    ",GMC,W5500,,,,,"
                    ",,//d22dk94hfc1k6q.cloudfront.net/none/220-160/337957/41199881/41199881_1616642819_416.jpg,,,,,,,,,,,,,,,,,,,"
                    ",,,RITCHIE BROS AUCTIONEERS,,,,,,,,,,2005
,sale,USA,,,,"//d22dk94hfc1k6q.cloudfront.net/pa/750-560/337957/41199968/41199968_1616643010_638.jpg,//d22dk94hfc1k6q.cloudfront.net/pa/750-560/337957/41199968/41199968_1616643010_559.jpg,//d22dk94hfc1k6q.cloudfront.net/pa/750-560/337957/41199968/41199968_1616643010_923.jpg,//d22dk94hfc1k6q.cloudfront.net/pa/750-560/337957/41199968/41199968_1616643010_615.jpg,//d22dk94hfc1k6q.cloudfront.net/pa/750-560/337957/41199968/41199968_1616643010_439.jpg,//d22dk94hfc1k6q.cloudfront.net/pa/750-560/337957/41199968/41199968_1616643010_572.jpg,//d22dk94hfc1k6q.cloudfront.net/pa/750-560/337957/41199968/41199968_1616643010_407.jpg,//d22dk94hfc1k6q.cloudfront.net/pa/750-560/337957/41199968/41199968_1616643010_386.jpg,//d22dk94hfc1k6q.cloudfront.net/pa/750-560/337957/41199968/41199968_1616643010_910.jpg,//d22dk94hfc1k6q.cloudfront.net/pa/750-560/337957/41199968/41199968_1616643010_289.jpg",,Trucks,Trucks,,,,  ,https://www.truckscorner.com/auction/trucks-1/41199968/kenworth-t800-s-a-n-a.html,"
                    ",Kenworth,T800 S/A,,,,,"
                    ",,nan,,,,,,,,,,,,,,,,,,,"
                    ",,,RITCHIE BROS AUCTIONEERS,,,,,,,,,,1991
,auction,USA,,,,"//d22dk94hfc1k6q.cloudfront.net/pa/750-560/337957/41199812/41199812_1616642714_250.jpg,//d22dk94hfc1k6q.cloudfront.net/pa/750-560/337957/41199812/41199812_1616642714_601.jpg,//d22dk94hfc1k6q.cloudfront.net/pa/750-560/337957/41199812/41199812_1616642714_691.jpg,//d22dk94hfc1k6q.cloudfront.net/pa/750-560/337957/41199812/41199812_1616642714_508.jpg,//d22dk94hfc1k6q.cloudfront.net/pa/750-560/337957/41199812/41199812_1616642714_496.jpg,//d22dk94hfc1k6q.cloudfront.net/pa/750-560/337957/41199812/41199812_1616642714_4.jpg,//d22dk94hfc1k6q.cloudfront.net/pa/750-560/337957/41199812/41199812_1616642714_207.jpg,//d22dk94hfc1k6q.cloudfront.net/pa/750-560/337957/41199812/41199812_1616642714_275.jpg,//d22dk94hfc1k6q.cloudfront.net/pa/750-560/337957/41199812/41199812_1616642714_303.jpg,//d22dk94hfc1k6q.cloudfront.net/pa/750-560/337957/41199812/41199812_1616642714_449.jpg",,Trucks,Trucks,,,,International 8100 ,https://www.truckscorner.com/auction/trucks-1/41199812/international-8100-n-a.html,"
                    ",International,8100,,,,,"
                    ",,//d22dk94hfc1k6q.cloudfront.net/none/220-160/337957/41199812/41199812_1616642714_250.jpg,,,,,,,,,,,,,,,,,,,"
                    ",,,RITCHIE BROS AUCTIONEERS,,,,,,,,,,1993
,auction,USA,,,,"//d22dk94hfc1k6q.cloudfront.net/pa/750-560/337957/41200046/41200046_1616643141_96.jpg,//d22dk94hfc1k6q.cloudfront.net/pa/750-560/337957/41200046/41200046_1616643141_11.jpg,//d22dk94hfc1k6q.cloudfront.net/pa/750-560/337957/41200046/41200046_1616643141_879.jpg,//d22dk94hfc1k6q.cloudfront.net/pa/750-560/337957/41200046/41200046_1616643141_793.jpg,//d22dk94hfc1k6q.cloudfront.net/pa/750-560/337957/41200046/41200046_1616643141_932.jpg,//d22dk94hfc1k6q.cloudfront.net/pa/750-560/337957/41200046/41200046_1616643141_337.jpg,//d22dk94hfc1k6q.cloudfront.net/pa/750-560/337957/41200046/41200046_1616643141_724.jpg,//d22dk94hfc1k6q.cloudfront.net/pa/750-560/337957/41200046/41200046_1616643141_390.jpg",,Trucks,Trucks,,,,Ford LT8513 ,https://www.truckscorner.com/auction/trucks-1/41200046/ford-lt8513-n-a.html,"
                    ",Ford,LT8513,,,,,"
                    ",,//d22dk94hfc1k6q.cloudfront.net/none/220-160/337957/41200046/41200046_1616643141_96.jpg,,,,,,,,,,,,,,,,,,,"
                    ",,,RITCHIE BROS AUCTIONEERS,,,,,,,,,,1998
,auction,USA,,,,"//d22dk94hfc1k6q.cloudfront.net/pa/750-560/337957/41200058/41200058_1616643169_418.jpg,//d22dk94hfc1k6q.cloudfront.net/pa/750-560/337957/41200058/41200058_1616643169_248.jpg,//d22dk94hfc1k6q.cloudfront.net/pa/750-560/337957/41200058/41200058_1616643169_99.jpg,//d22dk94hfc1k6q.cloudfront.net/pa/750-560/337957/41200058/41200058_1616643169_482.jpg,//d22dk94hfc1k6q.cloudfront.net/pa/750-560/337957/41200058/41200058_1616643169_615.jpg,//d22dk94hfc1k6q.cloudfront.net/pa/750-560/337957/41200058/41200058_1616643169_877.jpg,//d22dk94hfc1k6q.cloudfront.net/pa/750-560/337957/41200058/41200058_1616643169_562.jpg",,Trucks,Trucks,,,,International 4300 ,https://www.truckscorner.com/auction/trucks-1/41200058/international-4300-n-a.html,"
                    ",International,4300,,,,,"
                    ",,//d22dk94hfc1k6q.cloudfront.net/none/220-160/337957/41200058/41200058_1616643169_418.jpg,,,,,,,,,,,,,,,,,,,"
                    ",,,RITCHIE BROS AUCTIONEERS,,,,,,,,,,2007
,auction,USA,,,,"//d22dk94hfc1k6q.cloudfront.net/pa/750-560/337957/41200196/41200196_1616643458_570.jpg,//d22dk94hfc1k6q.cloudfront.net/pa/750-560/337957/41200196/41200196_1616643458_978.jpg,//d22dk94hfc1k6q.cloudfront.net/pa/750-560/337957/41200196/41200196_1616643458_782.jpg,//d22dk94hfc1k6q.cloudfront.net/pa/750-560/337957/41200196/41200196_1616643458_812.jpg,//d22dk94hfc1k6q.cloudfront.net/pa/750-560/337957/41200196/41200196_1616643458_168.jpg,//d22dk94hfc1k6q.cloudfront.net/pa/750-560/337957/41200196/41200196_1616643458_386.jpg,//d22dk94hfc1k6q.cloudfront.net/pa/750-560/337957/41200196/41200196_1616643458_191.jpg",,Trucks,Trucks,,,,Ford F450 Others,https://www.truckscorner.com/auction/trucks-1/41200196/ford-f450-others.html,"
                    ",Ford,F450,,,,,"
                    ",,//d22dk94hfc1k6q.cloudfront.net/none/220-160/337957/41200196/41200196_1616643458_570.jpg,,,,,,,,,,,,,,,,,,,"
                    ",,,RITCHIE BROS AUCTIONEERS,,,,,,,,,,2008
,auction,USA,,,,"//d22dk94hfc1k6q.cloudfront.net/pa/750-560/337957/41200059/41200059_1616643172_20.jpg,//d22dk94hfc1k6q.cloudfront.net/pa/750-560/337957/41200059/41200059_1616643172_263.jpg,//d22dk94hfc1k6q.cloudfront.net/pa/750-560/337957/41200059/41200059_1616643172_778.jpg,//d22dk94hfc1k6q.cloudfront.net/pa/750-560/337957/41200059/41200059_1616643172_969.jpg,//d22dk94hfc1k6q.cloudfront.net/pa/750-560/337957/41200059/41200059_1616643172_440.jpg,//d22dk94hfc1k6q.cloudfront.net/pa/750-560/337957/41200059/41200059_1616643172_349.jpg,//d22dk94hfc1k6q.cloudfront.net/pa/750-560/337957/41200059/41200059_1616643172_726.jpg",,Trucks,Trucks,,,,International 4400 ,https://www.truckscorner.com/auction/trucks-1/41200059/international-4400-n-a.html,"
                    ",International,4400,,,,,"
                    ",,//d22dk94hfc1k6q.cloudfront.net/none/220-160/337957/41200059/41200059_1616643172_20.jpg,,,,,,,,,,,,,,,,,,,"
                    ",,,RITCHIE BROS AUCTIONEERS,,,,,,,,,,2008
,auction,USA,,,,"//d22dk94hfc1k6q.cloudfront.net/pa/750-560/337957/41199973/41199973_1616643027_421.jpg,//d22dk94hfc1k6q.cloudfront.net/pa/750-560/337957/41199973/41199973_1616643027_486.jpg,//d22dk94hfc1k6q.cloudfront.net/pa/750-560/337957/41199973/41199973_1616643027_129.jpg,//d22dk94hfc1k6q.cloudfront.net/pa/750-560/337957/41199973/41199973_1616643027_353.jpg,//d22dk94hfc1k6q.cloudfront.net/pa/750-560/337957/41199973/41199973_1616643027_18.jpg,//d22dk94hfc1k6q.cloudfront.net/pa/750-560/337957/41199973/41199973_1616643027_728.jpg,//d22dk94hfc1k6q.cloudfront.net/pa/750-560/337957/41199973/41199973_1616643027_846.jpg,//d22dk94hfc1k6q.cloudfront.net/pa/750-560/337957/41199973/41199973_1616643027_748.jpg,//d22dk94hfc1k6q.cloudfront.net/pa/750-560/337957/41199973/41199973_1616643027_881.jpg,//d22dk94hfc1k6q.cloudfront.net/pa/750-560/337957/41199973/41199973_1616643027_243.jpg",,Trucks,Trucks,,,,Ford F450 ,https://www.truckscorner.com/auction/trucks-1/41199973/ford-f450-n-a.html,"
                    ",Ford,F450,,,,,"
                    ",,//d22dk94hfc1k6q.cloudfront.net/none/220-160/337957/41199973/41199973_1616643027_421.jpg,,,,,,,,,,,,,,,,,,,"
                    ",,,RITCHIE BROS AUCTIONEERS,,,,,,,,,,2000
,auction,USA,,,,"//d22dk94hfc1k6q.cloudfront.net/pa/750-560/337957/41200233/41200233_1616643538_964.jpg,//d22dk94hfc1k6q.cloudfront.net/pa/750-560/337957/41200233/41200233_1616643538_851.jpg,//d22dk94hfc1k6q.cloudfront.net/pa/750-560/337957/41200233/41200233_1616643538_748.jpg,//d22dk94hfc1k6q.cloudfront.net/pa/750-560/337957/41200233/41200233_1616643538_308.jpg,//d22dk94hfc1k6q.cloudfront.net/pa/750-560/337957/41200233/41200233_1616643538_974.jpg,//d22dk94hfc1k6q.cloudfront.net/pa/750-560/337957/41200233/41200233_1616643538_767.jpg,//d22dk94hfc1k6q.cloudfront.net/pa/750-560/337957/41200233/41200233_1616643538_312.jpg,//d22dk94hfc1k6q.cloudfront.net/pa/750-560/337957/41200233/41200233_1616643538_668.jpg,//d22dk94hfc1k6q.cloudfront.net/pa/750-560/337957/41200233/41200233_1616643538_417.jpg,//d22dk94hfc1k6q.cloudfront.net/pa/750-560/337957/41200233/41200233_1616643538_177.jpg",,Trucks,Trucks,,,,Ford F650 ,https://www.truckscorner.com/auction/trucks-1/41200233/ford-f650-n-a.html,"
                    ",Ford,F650,,,,,"
                    ",,//d22dk94hfc1k6q.cloudfront.net/none/220-160/337957/41200233/41200233_1616643538_964.jpg,,,,,,,,,,,,,,,,,,,"
                    ",,,RITCHIE BROS AUCTIONEERS,,,,,,,,,,2000
,auction,USA,,,,"//d22dk94hfc1k6q.cloudfront.net/pa/750-560/337957/41200047/41200047_1616643143_438.jpg,//d22dk94hfc1k6q.cloudfront.net/pa/750-560/337957/41200047/41200047_1616643143_102.jpg,//d22dk94hfc1k6q.cloudfront.net/pa/750-560/337957/41200047/41200047_1616643143_852.jpg,//d22dk94hfc1k6q.cloudfront.net/pa/750-560/337957/41200047/41200047_1616643143_910.jpg,//d22dk94hfc1k6q.cloudfront.net/pa/750-560/337957/41200047/41200047_1616643143_808.jpg,//d22dk94hfc1k6q.cloudfront.net/pa/750-560/337957/41200047/41200047_1616643143_139.jpg,//d22dk94hfc1k6q.cloudfront.net/pa/750-560/337957/41200047/41200047_1616643143_583.jpg",,Trucks,Trucks,,,,Freightliner M2 ,https://www.truckscorner.com/auction/trucks-1/41200047/freightliner-m2-n-a.html,"
                    ",Freightliner,M2,,,,,"
                    ",,//d22dk94hfc1k6q.cloudfront.net/none/220-160/337957/41200047/41200047_1616643143_438.jpg,,,,,,,,,,,,,,,,,,,"
                    ",,,RITCHIE BROS AUCTIONEERS,,,,,,,,,,2006
,auction,USA,,,,"//d22dk94hfc1k6q.cloudfront.net/pa/750-560/337957/41200425/41200425_1616643785_927.jpg,//d22dk94hfc1k6q.cloudfront.net/pa/750-560/337957/41200425/41200425_1616643785_513.jpg,//d22dk94hfc1k6q.cloudfront.net/pa/750-560/337957/41200425/41200425_1616643785_709.jpg,//d22dk94hfc1k6q.cloudfront.net/pa/750-560/337957/41200425/41200425_1616643785_543.jpg,//d22dk94hfc1k6q.cloudfront.net/pa/750-560/337957/41200425/41200425_1616643785_207.jpg,//d22dk94hfc1k6q.cloudfront.net/pa/750-560/337957/41200425/41200425_1616643785_796.jpg,//d22dk94hfc1k6q.cloudfront.net/pa/750-560/337957/41200425/41200425_1616643785_471.jpg",,Trucks,Trucks,,,,Freightliner FL70 S/A ,https://www.truckscorner.com/auction/trucks-1/41200425/freightliner-fl70-s-a-n-a.html,"
                    ",Freightliner,FL70 S/A,,,,,"
                    ",,//d22dk94hfc1k6q.cloudfront.net/none/220-160/337957/41200425/41200425_1616643785_927.jpg,,,,,,,,,,,,,,,,,,,"
                    ",,,RITCHIE BROS AUCTIONEERS,,,,,,,,,,2001
,auction,USA,,,,"//d22dk94hfc1k6q.cloudfront.net/pa/750-560/337957/41200409/41200409_1616643756_733.jpg,//d22dk94hfc1k6q.cloudfront.net/pa/750-560/337957/41200409/41200409_1616643756_878.jpg,//d22dk94hfc1k6q.cloudfront.net/pa/750-560/337957/41200409/41200409_1616643756_28.jpg,//d22dk94hfc1k6q.cloudfront.net/pa/750-560/337957/41200409/41200409_1616643756_557.jpg,//d22dk94hfc1k6q.cloudfront.net/pa/750-560/337957/41200409/41200409_1616643756_842.jpg,//d22dk94hfc1k6q.cloudfront.net/pa/750-560/337957/41200409/41200409_1616643756_403.jpg,//d22dk94hfc1k6q.cloudfront.net/pa/750-560/337957/41200409/41200409_1616643756_680.jpg",,Trucks,Trucks,,,,Chevrolet 2500HD ,https://www.truckscorner.com/auction/trucks-1/41200409/chevrolet-2500hd-n-a.html,"
                    ",Chevrolet,2500HD,,,,,"
                    ",,//d22dk94hfc1k6q.cloudfront.net/none/220-160/337957/41200409/41200409_1616643756_733.jpg,,,,,,,,,,,,,,,,,,,"
                    ",,,RITCHIE BROS AUCTIONEERS,,,,,,,,,,2011
,auction,USA,,,,"//d22dk94hfc1k6q.cloudfront.net/pa/750-560/337957/41201161/41201161_1616645062_132.jpg,//d22dk94hfc1k6q.cloudfront.net/pa/750-560/337957/41201161/41201161_1616645062_114.jpg,//d22dk94hfc1k6q.cloudfront.net/pa/750-560/337957/41201161/41201161_1616645062_919.jpg,//d22dk94hfc1k6q.cloudfront.net/pa/750-560/337957/41201161/41201161_1616645062_348.jpg,//d22dk94hfc1k6q.cloudfront.net/pa/750-560/337957/41201161/41201161_1616645062_620.jpg,//d22dk94hfc1k6q.cloudfront.net/pa/750-560/337957/41201161/41201161_1616645062_884.jpg,//d22dk94hfc1k6q.cloudfront.net/pa/750-560/337957/41201161/41201161_1616645062_691.jpg",,Trucks,Trucks,,,,Ford F550 4x4,https://www.truckscorner.com/auction/trucks-1/41201161/ford-f550-4x4.html,"
                    ",Ford,F550,,,,,"
                    ",,//d22dk94hfc1k6q.cloudfront.net/none/220-160/337957/41201161/41201161_1616645062_132.jpg,,,,,,,,,,,,,,,,,,,"
                    ",,,RITCHIE BROS AUCTIONEERS,,,,,,,,,,2007
,auction,USA,,,,"//d22dk94hfc1k6q.cloudfront.net/pa/750-560/337957/41200693/41200693_1616644193_533.jpg,//d22dk94hfc1k6q.cloudfront.net/pa/750-560/337957/41200693/41200693_1616644193_131.jpg,//d22dk94hfc1k6q.cloudfront.net/pa/750-560/337957/41200693/41200693_1616644193_902.jpg,//d22dk94hfc1k6q.cloudfront.net/pa/750-560/337957/41200693/41200693_1616644193_837.jpg,//d22dk94hfc1k6q.cloudfront.net/pa/750-560/337957/41200693/41200693_1616644193_328.jpg,//d22dk94hfc1k6q.cloudfront.net/pa/750-560/337957/41200693/41200693_1616644193_132.jpg,//d22dk94hfc1k6q.cloudfront.net/pa/750-560/337957/41200693/41200693_1616644193_796.jpg",,Trucks,Trucks,,,,Ford LNT8000 ,https://www.truckscorner.com/auction/trucks-1/41200693/ford-lnt8000-n-a.html,"
                    ",Ford,LNT8000,,,,,"
                    ",,//d22dk94hfc1k6q.cloudfront.net/none/220-160/337957/41200693/41200693_1616644193_533.jpg,,,,,,,,,,,,,,,,,,,"
                    ",,,RITCHIE BROS AUCTIONEERS,,,,,,,,,,1991
,auction,USA,,,,"//d22dk94hfc1k6q.cloudfront.net/pa/750-560/337957/41200779/41200779_1616644376_866.jpg,//d22dk94hfc1k6q.cloudfront.net/pa/750-560/337957/41200779/41200779_1616644376_411.jpg,//d22dk94hfc1k6q.cloudfront.net/pa/750-560/337957/41200779/41200779_1616644376_746.jpg,//d22dk94hfc1k6q.cloudfront.net/pa/750-560/337957/41200779/41200779_1616644376_353.jpg,//d22dk94hfc1k6q.cloudfront.net/pa/750-560/337957/41200779/41200779_1616644376_282.jpg,//d22dk94hfc1k6q.cloudfront.net/pa/750-560/337957/41200779/41200779_1616644376_220.jpg,//d22dk94hfc1k6q.cloudfront.net/pa/750-560/337957/41200779/41200779_1616697034_957.jpg",,Trucks,Trucks,,,,Ford F650 ,https://www.truckscorner.com/auction/trucks-1/41200779/ford-f650-n-a.html,"
                    ",Ford,F650,,,,,"
                    ",,//d22dk94hfc1k6q.cloudfront.net/none/220-160/337957/41200779/41200779_1616644376_866.jpg,,,,,,,,,,,,,,,,,,,"
                    ",,,RITCHIE BROS AUCTIONEERS,,,,,,,,,,2001
,auction,USA,,,,"//d22dk94hfc1k6q.cloudfront.net/pa/750-560/337957/41200435/41200435_1616643809_578.jpg,//d22dk94hfc1k6q.cloudfront.net/pa/750-560/337957/41200435/41200435_1616643809_144.jpg,//d22dk94hfc1k6q.cloudfront.net/pa/750-560/337957/41200435/41200435_1616643809_631.jpg,//d22dk94hfc1k6q.cloudfront.net/pa/750-560/337957/41200435/41200435_1616643809_237.jpg,//d22dk94hfc1k6q.cloudfront.net/pa/750-560/337957/41200435/41200435_1616643809_276.jpg,//d22dk94hfc1k6q.cloudfront.net/pa/750-560/337957/41200435/41200435_1616643809_659.jpg,//d22dk94hfc1k6q.cloudfront.net/pa/750-560/337957/41200435/41200435_1616643809_944.jpg,//d22dk94hfc1k6q.cloudfront.net/pa/750-560/337957/41200435/41200435_1616643809_216.jpg",,Trucks,Trucks,,,,Ford L8000 ,https://www.truckscorner.com/auction/trucks-1/41200435/ford-l8000-n-a.html,"
                    ",Ford,L8000,,,,,"
                    ",,//d22dk94hfc1k6q.cloudfront.net/none/220-160/337957/41200435/41200435_1616643809_578.jpg,,,,,,,,,,,,,,,,,,,"
                    ",,,RITCHIE BROS AUCTIONEERS,,,,,,,,,,1988
,auction,USA,,,,"//d22dk94hfc1k6q.cloudfront.net/pa/750-560/337957/41200843/41200843_1616644479_221.jpg,//d22dk94hfc1k6q.cloudfront.net/pa/750-560/337957/41200843/41200843_1616644479_899.jpg,//d22dk94hfc1k6q.cloudfront.net/pa/750-560/337957/41200843/41200843_1616644479_644.jpg,//d22dk94hfc1k6q.cloudfront.net/pa/750-560/337957/41200843/41200843_1616644479_451.jpg,//d22dk94hfc1k6q.cloudfront.net/pa/750-560/337957/41200843/41200843_1616644479_840.jpg,//d22dk94hfc1k6q.cloudfront.net/pa/750-560/337957/41200843/41200843_1616644479_504.jpg,//d22dk94hfc1k6q.cloudfront.net/pa/750-560/337957/41200843/41200843_1616644479_946.jpg,//d22dk94hfc1k6q.cloudfront.net/pa/750-560/337957/41200843/41200843_1616644479_92.jpg",,Trucks,Trucks,,,,Nissan UD2000 ,https://www.truckscorner.com/auction/trucks-1/41200843/nissan-ud2000-n-a.html,"
                    ",Nissan,UD2000,,,,,"
                    ",,//d22dk94hfc1k6q.cloudfront.net/none/220-160/337957/41200843/41200843_1616644479_221.jpg,,,,,,,,,,,,,,,,,,,"
                    ",,,RITCHIE BROS AUCTIONEERS,,,,,,,,,,2009
,auction,USA,,,,"//d22dk94hfc1k6q.cloudfront.net/pa/750-560/337957/41201122/41201122_1616644984_328.jpg,//d22dk94hfc1k6q.cloudfront.net/pa/750-560/337957/41201122/41201122_1616644984_603.jpg,//d22dk94hfc1k6q.cloudfront.net/pa/750-560/337957/41201122/41201122_1616644984_841.jpg,//d22dk94hfc1k6q.cloudfront.net/pa/750-560/337957/41201122/41201122_1616644984_676.jpg,//d22dk94hfc1k6q.cloudfront.net/pa/750-560/337957/41201122/41201122_1616644984_981.jpg,//d22dk94hfc1k6q.cloudfront.net/pa/750-560/337957/41201122/41201122_1616644984_552.jpg,//d22dk94hfc1k6q.cloudfront.net/pa/750-560/337957/41201122/41201122_1616644984_234.jpg,//d22dk94hfc1k6q.cloudfront.net/pa/750-560/337957/41201122/41201122_1616644984_354.jpg",,Trucks,Trucks,,,,Freightliner M2106 Others,https://www.truckscorner.com/auction/trucks-1/41201122/freightliner-m2106-others.html,"
                    ",Freightliner,M2106,,,,,"
                    ",,//d22dk94hfc1k6q.cloudfront.net/none/220-160/337957/41201122/41201122_1616644984_328.jpg,,,,,,,,,,,,,,,,,,,"
                    ",,,RITCHIE BROS AUCTIONEERS,,,,,,,,,,2012
,auction,USA,,,,"//d22dk94hfc1k6q.cloudfront.net/pa/750-560/337957/41200787/41200787_1616644387_95.jpg,//d22dk94hfc1k6q.cloudfront.net/pa/750-560/337957/41200787/41200787_1616644387_653.jpg,//d22dk94hfc1k6q.cloudfront.net/pa/750-560/337957/41200787/41200787_1616644387_267.jpg,//d22dk94hfc1k6q.cloudfront.net/pa/750-560/337957/41200787/41200787_1616644387_642.jpg,//d22dk94hfc1k6q.cloudfront.net/pa/750-560/337957/41200787/41200787_1616644387_674.jpg,//d22dk94hfc1k6q.cloudfront.net/pa/750-560/337957/41200787/41200787_1616644387_636.jpg",,Trucks,Trucks,,,,Ford LT8000 ,https://www.truckscorner.com/auction/trucks-1/41200787/ford-lt8000-n-a.html,"
                    ",Ford,LT8000,,,,,"
                    ",,//d22dk94hfc1k6q.cloudfront.net/none/220-160/337957/41200787/41200787_1616644387_95.jpg,,,,,,,,,,,,,,,,,,,"
                    ",,,RITCHIE BROS AUCTIONEERS,,,,,,,,,,1996
,auction,USA,,,,"//d22dk94hfc1k6q.cloudfront.net/pa/750-560/337957/41201194/41201194_1616645135_192.jpg,//d22dk94hfc1k6q.cloudfront.net/pa/750-560/337957/41201194/41201194_1616645135_291.jpg,//d22dk94hfc1k6q.cloudfront.net/pa/750-560/337957/41201194/41201194_1616645135_811.jpg,//d22dk94hfc1k6q.cloudfront.net/pa/750-560/337957/41201194/41201194_1616645135_636.jpg,//d22dk94hfc1k6q.cloudfront.net/pa/750-560/337957/41201194/41201194_1616645135_875.jpg,//d22dk94hfc1k6q.cloudfront.net/pa/750-560/337957/41201194/41201194_1616645135_63.jpg,//d22dk94hfc1k6q.cloudfront.net/pa/750-560/337957/41201194/41201194_1616645135_556.jpg,//d22dk94hfc1k6q.cloudfront.net/pa/750-560/337957/41201194/41201194_1616645135_414.jpg,//d22dk94hfc1k6q.cloudfront.net/pa/750-560/337957/41201194/41201194_1616645135_918.jpg",,Trucks,Trucks,,,,International 4300 ,https://www.truckscorner.com/auction/trucks-1/41201194/international-4300-n-a.html,"
                    ",International,4300,,,,,"
                    ",,//d22dk94hfc1k6q.cloudfront.net/none/220-160/337957/41201194/41201194_1616645135_192.jpg,,,,,,,,,,,,,,,,,,,"
                    ",,,RITCHIE BROS AUCTIONEERS,,,,,,,,,,2006
,auction,USA,,,,"//d22dk94hfc1k6q.cloudfront.net/pa/750-560/337957/41200916/41200916_1616644644_920.jpg,//d22dk94hfc1k6q.cloudfront.net/pa/750-560/337957/41200916/41200916_1616644644_255.jpg,//d22dk94hfc1k6q.cloudfront.net/pa/750-560/337957/41200916/41200916_1616644644_608.jpg,//d22dk94hfc1k6q.cloudfront.net/pa/750-560/337957/41200916/41200916_1616644644_340.jpg,//d22dk94hfc1k6q.cloudfront.net/pa/750-560/337957/41200916/41200916_1616644644_613.jpg,//d22dk94hfc1k6q.cloudfront.net/pa/750-560/337957/41200916/41200916_1616644644_668.jpg,//d22dk94hfc1k6q.cloudfront.net/pa/750-560/337957/41200916/41200916_1616644644_816.jpg",,Trucks,Trucks,,,,Peterbilt 375 Open Headrack ,https://www.truckscorner.com/auction/trucks-1/41200916/peterbilt-375-open-headrack-n-a.html,"
                    ",Peterbilt,375 Open Headrack,,,,,"
                    ",,//d22dk94hfc1k6q.cloudfront.net/none/220-160/337957/41200916/41200916_1616644644_920.jpg,,,,,,,,,,,,,,,,,,,"
                    ",,,RITCHIE BROS AUCTIONEERS,,,,,,,,,,1990
,auction,USA,,,,"//d22dk94hfc1k6q.cloudfront.net/pa/750-560/337957/41201195/41201195_1616645137_775.jpg,//d22dk94hfc1k6q.cloudfront.net/pa/750-560/337957/41201195/41201195_1616645137_422.jpg,//d22dk94hfc1k6q.cloudfront.net/pa/750-560/337957/41201195/41201195_1616645137_196.jpg,//d22dk94hfc1k6q.cloudfront.net/pa/750-560/337957/41201195/41201195_1616645137_618.jpg,//d22dk94hfc1k6q.cloudfront.net/pa/750-560/337957/41201195/41201195_1616645137_734.jpg,//d22dk94hfc1k6q.cloudfront.net/pa/750-560/337957/41201195/41201195_1616645137_610.jpg,//d22dk94hfc1k6q.cloudfront.net/pa/750-560/337957/41201195/41201195_1616645137_758.jpg",,Trucks,Trucks,,,,Isuzu NQR Others,https://www.truckscorner.com/auction/trucks-1/41201195/isuzu-nqr-others.html,"
                    ",Isuzu,NQR,,,,,"
                    ",,//d22dk94hfc1k6q.cloudfront.net/none/220-160/337957/41201195/41201195_1616645137_775.jpg,,,,,,,,,,,,,,,,,,,"
                    ",,,RITCHIE BROS AUCTIONEERS,,,,,,,,,,2007
,auction,USA,,,,"//d22dk94hfc1k6q.cloudfront.net/pa/750-560/337957/41200866/41200866_1616644540_171.jpg,//d22dk94hfc1k6q.cloudfront.net/pa/750-560/337957/41200866/41200866_1616644540_492.jpg,//d22dk94hfc1k6q.cloudfront.net/pa/750-560/337957/41200866/41200866_1616644540_277.jpg,//d22dk94hfc1k6q.cloudfront.net/pa/750-560/337957/41200866/41200866_1616644540_491.jpg,//d22dk94hfc1k6q.cloudfront.net/pa/750-560/337957/41200866/41200866_1616644540_150.jpg,//d22dk94hfc1k6q.cloudfront.net/pa/750-560/337957/41200866/41200866_1616644540_626.jpg,//d22dk94hfc1k6q.cloudfront.net/pa/750-560/337957/41200866/41200866_1616644540_85.jpg,//d22dk94hfc1k6q.cloudfront.net/pa/750-560/337957/41200866/41200866_1616644540_526.jpg,//d22dk94hfc1k6q.cloudfront.net/pa/750-560/337957/41200866/41200866_1616644540_559.jpg,//d22dk94hfc1k6q.cloudfront.net/pa/750-560/337957/41200866/41200866_1616644540_183.jpg",,Trucks,Trucks,,,,Ford F700 ,https://www.truckscorner.com/auction/trucks-1/41200866/ford-f700-n-a.html,"
                    ",Ford,F700,,,,,"
                    ",,//d22dk94hfc1k6q.cloudfront.net/none/220-160/337957/41200866/41200866_1616644540_171.jpg,,,,,,,,,,,,,,,,,,,"
                    ",,,RITCHIE BROS AUCTIONEERS,,,,,,,,,,1993
